,Date,Open,High,Low,Close,Adj Close,Volume,RETURN_PRICE
0,2018-01-31,608.0,608.5,590.0,592.150024,581.165771,1264055,
1,2018-02-01,591.900024,597.0,580.200012,587.049988,576.160339,1050098,-0.008650047062742416
2,2018-02-02,586.0,593.900024,575.099976,581.150024,570.369812,998752,-0.010101034247887775
3,2018-02-05,576.0,582.099976,571.200012,580.099976,569.339294,797017,-0.0018084792873027666
4,2018-02-06,561.0,572.0,558.049988,564.25,553.783325,1284112,-0.027703045402195592
5,2018-02-07,578.5,579.900024,554.200012,569.25,558.6905519999999,3161498,0.008822289246203319
6,2018-02-08,584.0,617.150024,580.150024,612.650024,601.285522,8349913,0.07347414462568569
7,2018-02-09,595.0,626.0,595.0,621.400024,609.8731690000001,2373799,0.014181186011877678
8,2018-02-12,629.349976,635.0,618.849976,621.650024,610.11853,1957424,0.00040223642446690633
9,2018-02-14,622.099976,630.299988,611.5,616.150024,604.72052,1306512,-0.008886792670193877
10,2018-02-15,613.25,621.450012,602.950012,605.849976,594.611572,1391858,-0.01685808827192048
11,2018-02-16,611.299988,613.950012,605.5,611.099976,599.764221,906025,0.008628181563663517
12,2018-02-19,612.0,612.150024,594.349976,600.400024,589.262756,1216005,-0.0176644328947706
13,2018-02-20,603.450012,606.099976,592.0,603.450012,592.256165,1599249,0.005067067216907084
14,2018-02-21,607.0,607.75,589.25,597.25,586.1711429999999,1409752,-0.010327420743645455
15,2018-02-22,595.0,597.25,586.599976,589.650024,578.712158,1859008,-0.012806604967829038
16,2018-02-23,591.799988,605.0,590.0,595.650024,584.600891,1576584,0.010124105299397002
17,2018-02-26,596.25,598.299988,588.75,590.099976,579.153809,1417465,-0.009361313145437755
18,2018-02-27,591.700012,598.900024,583.099976,586.5,575.620544,1349590,-0.006119305298518896
19,2018-02-28,590.0,596.599976,587.099976,589.650024,578.712158,2255189,0.005356513144559649
20,2018-03-01,593.900024,593.900024,580.400024,581.700012,570.909668,1343806,-0.013574309692184094
21,2018-03-05,582.099976,585.0,578.049988,579.25,568.505066,1179725,-0.004220708233420467
22,2018-03-06,581.599976,589.400024,580.049988,584.099976,573.265076,1891302,0.008337996644922185
23,2018-03-07,587.450012,589.099976,578.200012,580.200012,569.4374389999999,1849650,-0.006699267587580771
24,2018-03-08,584.0,584.0,574.0,578.0,567.2782589999999,1084582,-0.003799023697449222
25,2018-03-09,579.950012,585.200012,568.049988,571.049988,560.457092,1149194,-0.01209711818968362
26,2018-03-12,575.049988,582.200012,563.549988,580.650024,569.8790280000001,919792,0.016671456542060703
27,2018-03-13,579.0,582.900024,575.150024,578.75,568.0143429999999,801792,-0.0032776016243110107
28,2018-03-14,578.349976,583.799988,571.650024,577.900024,567.180115,811747,-0.0014697205470355357
29,2018-03-15,578.0,579.599976,569.0,571.150024,560.555298,849222,-0.01174897065296765
30,2018-03-16,570.099976,574.0,557.049988,559.400024,549.023254,1867538,-0.020787090529471364
31,2018-03-19,563.650024,566.900024,555.400024,559.75,549.36676,1447941,0.0006254318078946497
32,2018-03-20,555.099976,561.849976,522.900024,552.900024,542.64386,9119209,-0.012313058727489334
33,2018-03-21,558.5,567.450012,546.400024,551.049988,540.8280639999999,3091963,-0.003351669390432299
34,2018-03-22,551.900024,555.0,538.150024,540.75,530.719177,1506405,-0.018868462527773744
35,2018-03-23,539.0,540.700012,534.0,538.400024,528.412842,1203262,-0.00435524192612835
36,2018-03-26,538.150024,544.599976,532.950012,541.799988,531.7497559999999,1105319,0.006295084595559608
37,2018-03-27,541.0,549.0,541.0,545.049988,534.939392,2206872,0.005980604055438654
38,2018-03-28,544.0,548.799988,534.0,545.450012,535.3320309999999,2667979,0.0007336524859100635
39,2018-04-02,548.0,578.950012,545.900024,576.25,565.56073,2823880,0.0549304302669098
40,2018-04-03,572.0,578.349976,568.799988,570.299988,559.721069,2493190,-0.01037907718992237
41,2018-04-04,572.349976,575.450012,564.5,569.799988,559.2303469999999,1852997,-0.00087711611714969
42,2018-04-05,574.0,578.549988,558.349976,560.349976,549.9556269999999,2396864,-0.016723855336124416
43,2018-04-06,560.299988,571.0,557.25,558.950012,548.581543,2420324,-0.0025015004825021947
44,2018-04-09,565.900024,565.900024,555.5,556.75,546.4224849999999,1470765,-0.003943739047682193
45,2018-04-10,558.0,567.0,556.599976,558.150024,547.796448,1591682,0.0025114803224566273
46,2018-04-11,560.700012,564.0,558.5,561.5,551.08429,1789789,0.005983987718563455
47,2018-04-12,562.900024,562.950012,554.799988,556.150024,545.833618,1309557,-0.009573688986634465
48,2018-04-13,557.549988,561.150024,552.549988,555.5,545.195557,1019158,-0.0011694761121781028
49,2018-04-16,553.049988,587.799988,553.049988,584.950012,574.099304,6741354,0.051657784928499595
50,2018-04-17,585.549988,588.349976,575.700012,579.950012,569.192078,2688507,-0.008584480388860172
51,2018-04-18,582.0,597.0,582.0,584.599976,573.755798,3853951,0.007985898004108094
52,2018-04-19,584.25,592.0,583.049988,584.400024,573.5595089999999,1525419,-0.0003420906791271605
53,2018-04-20,582.349976,593.400024,581.5,589.049988,578.12323,1641179,0.007925328376037655
54,2018-04-23,576.0,601.75,576.0,600.150024,589.017395,3016500,0.01866861464101266
55,2018-04-24,601.0,604.900024,595.099976,601.900024,590.734924,2782988,0.002911694466101622
56,2018-04-25,600.5,600.5,586.200012,593.049988,582.0490110000001,1125208,-0.014812666186553969
57,2018-04-26,591.0,602.900024,590.549988,599.950012,588.821045,1503008,0.01156764617116135
58,2018-04-27,602.0,607.0,593.0,599.849976,588.722839,1031376,-0.00016675446113101344
59,2018-04-30,602.200012,609.0,602.0,607.400024,596.132874,687828,0.01250800817339126
60,2018-05-02,610.0,621.900024,608.950012,612.0,600.647522,1862999,0.007544690388001207
61,2018-05-03,613.0,613.099976,597.0,609.299988,597.997559,999887,-0.004421544952609047
62,2018-05-04,612.099976,612.450012,595.5,597.0,585.925842,925559,-0.020393624167114766
63,2018-05-07,598.599976,600.099976,585.0,591.049988,580.086121,1046885,-0.010016517499067845
64,2018-05-08,592.400024,601.950012,586.549988,590.650024,579.693542,1039491,-0.0006769298658051426
65,2018-05-09,591.400024,596.0,585.549988,588.0,577.0927730000001,652527,-0.004496718129102462
66,2018-05-10,594.0,594.599976,572.5,575.5,564.824585,2163326,-0.021487719736689392
67,2018-05-11,577.049988,580.75,565.099976,573.700012,563.057983,921890,-0.003132595637256763
68,2018-05-14,575.0,580.5,570.849976,578.5,567.768982,888370,0.008331914109050764
69,2018-05-15,579.799988,593.0,573.099976,575.799988,565.118958,2049528,-0.0046781892962259874
70,2018-05-16,575.0,575.0,546.0,559.900024,549.514038,4071898,-0.02800211811786113
71,2018-05-17,557.900024,560.0,538.799988,553.75,543.478027,3719963,-0.01104491786029893
72,2018-05-18,555.0,556.0,530.0,533.049988,523.1619870000001,1708157,-0.03809811547482145
73,2018-05-21,531.650024,536.799988,516.0,520.450012,510.795807,2013336,-0.0239213608660771
74,2018-05-22,524.799988,531.099976,507.200012,524.0,514.279907,3080285,0.006797839302595143
75,2018-05-23,515.0,564.900024,515.0,532.400024,522.52417,7413823,0.01590344727880133
76,2018-05-24,536.5,544.549988,530.0,533.5,523.603699,1925524,0.002063939141964788
77,2018-05-25,538.849976,538.849976,527.5,536.650024,526.6953129999999,1525355,0.005887086907610417
78,2018-05-28,534.0,548.299988,534.0,539.5,529.49231,1460566,0.005296627048770652
79,2018-05-29,539.099976,542.599976,527.700012,530.599976,520.757446,2656979,-0.01663438822636376
80,2018-05-30,529.099976,529.099976,519.549988,525.599976,515.850159,2156315,-0.009467974963525805
81,2018-05-31,528.599976,533.650024,521.049988,524.799988,515.065063,3539206,-0.001523206744273864
82,2018-06-01,526.950012,530.75,521.049988,524.5,514.770691,1625446,-0.0005717869276740117
83,2018-06-04,527.5,529.0,517.150024,520.700012,511.041107,1247023,-0.007271344621599063
84,2018-06-05,520.299988,544.75,517.700012,542.099976,532.044189,3398337,0.0402763587792645
85,2018-06-06,542.099976,548.0,533.400024,538.450012,528.461914,2909756,-0.0067557779329359136
86,2018-06-07,541.950012,542.549988,537.200012,540.700012,530.670166,1119973,0.004169954520330421
87,2018-06-08,541.799988,562.0,538.75,559.650024,549.2686160000001,4815940,0.03444701263780914
88,2018-06-11,560.0,570.0,559.0,560.799988,550.397339,3113604,0.0020526831031562054
89,2018-06-12,561.900024,573.0,561.0,567.099976,556.580383,3234303,0.01117129837702624
90,2018-06-13,569.950012,593.5,569.950012,582.099976,571.302124,4657712,0.026106600348256848
91,2018-06-14,588.950012,592.900024,583.5,588.049988,577.1417849999999,3244655,0.010169744842957407
92,2018-06-15,590.0,614.549988,589.799988,611.599976,600.254944,7125922,0.03926647692295493
93,2018-06-18,612.0,618.799988,600.299988,606.5,595.249573,2518169,-0.008373706429467553
94,2018-06-19,606.25,610.450012,598.200012,601.849976,590.685791,2992184,-0.007696523435408054
95,2018-06-20,613.0,622.75,600.349976,602.849976,591.667236,9121187,0.0016601648037237737
96,2018-06-21,608.799988,609.700012,602.0,603.5,592.305176,3052143,0.0010776707851656298
97,2018-06-22,604.0,618.049988,595.25,615.75,604.327942,3245849,0.020094996463060788
98,2018-06-25,615.099976,622.549988,608.0,611.400024,600.0586549999999,3253606,-0.007089588289742821
99,2018-06-26,606.0,608.700012,597.25,599.5,588.379456,2323337,-0.01965547424333547
100,2018-06-27,602.5,606.950012,593.0,602.299988,591.12738,2520918,0.004659665658480527
101,2018-06-28,604.5,609.900024,596.0,600.900024,589.753479,4173735,-0.0023270688460774736
102,2018-06-29,601.5,619.900024,599.900024,616.650024,605.211243,1525608,0.025873069651995095
103,2018-07-02,620.0,620.0,611.0,617.0,605.55481,1502606,0.0005673829734211822
104,2018-07-03,617.0,644.650024,608.049988,640.400024,628.5207519999999,5271600,0.03722399469374782
105,2018-07-04,644.950012,648.0,623.799988,628.900024,617.23407,5043141,-0.01812071888780853
106,2018-07-05,632.0,637.0,623.099976,626.549988,614.927673,2127794,-0.0037437392525356827
107,2018-07-06,624.900024,631.0,610.400024,612.5,601.138306,2514518,-0.022679618039910032
108,2018-07-09,616.849976,625.0,615.0,622.900024,611.345337,1462808,0.016837088370676767
109,2018-07-10,626.599976,633.900024,620.150024,632.049988,620.3256230000001,1872744,0.014582455166168629
110,2018-07-11,626.299988,630.5,621.299988,625.299988,613.700806,1669583,-0.010736970573263172
111,2018-07-12,629.400024,636.700012,622.700012,633.349976,621.60144,2177684,0.012791638653437687
112,2018-07-13,634.0,634.0,624.200012,626.700012,615.07489,1475306,-0.01055517765735381
113,2018-07-16,629.400024,636.0,611.150024,620.950012,609.4315190000001,2211200,-0.009217393659278983
114,2018-07-17,621.900024,639.599976,620.099976,637.450012,625.625488,2228377,0.02622527868986868
115,2018-07-18,640.0,644.0,625.099976,627.400024,615.761902,2348371,-0.015891527399451988
116,2018-07-19,629.799988,632.099976,606.150024,610.099976,598.782776,1424272,-0.027961495189693153
117,2018-07-20,614.950012,630.0,602.150024,625.799988,614.191589,2832150,0.02540797323933397
118,2018-07-23,623.150024,637.299988,617.25,634.099976,622.337463,1553101,0.01317582079773949
119,2018-07-24,633.950012,633.950012,624.5,627.349976,615.7127690000001,1319369,-0.01070207250751487
120,2018-07-25,629.0,631.0,613.450012,623.900024,612.326782,1413265,-0.005514422765108051
121,2018-07-26,619.0,631.25,617.450012,627.849976,616.20343,3163498,0.006311108624838191
122,2018-07-27,627.75,641.900024,625.900024,636.200012,624.398621,1508269,0.013211751967755703
123,2018-07-30,633.0,636.25,628.0,634.299988,622.533875,990056,-0.002990988455678689
124,2018-07-31,636.950012,647.0,628.099976,641.349976,629.453125,2469759,0.011053282603436188
125,2018-08-01,641.0,641.549988,635.0,639.150024,627.293945,2411436,-0.0034360861608933035
126,2018-08-02,635.0,651.900024,633.049988,638.5,626.6560059999999,3974559,-0.0010175306913069448
127,2018-08-03,640.950012,647.599976,639.0,641.049988,629.15863,1530339,0.00398576280682672
128,2018-08-06,647.0,648.799988,635.299988,637.950012,626.11615,2716402,-0.004847509101416847
129,2018-08-07,642.900024,642.900024,627.099976,629.450012,617.773865,2414266,-0.013413487901472898
130,2018-08-08,629.0,645.450012,623.599976,632.549988,620.8163450000001,4121062,0.004912808613315001
131,2018-08-09,649.0,662.5,616.700012,619.150024,607.664856,9996909,-0.021411641465919118
132,2018-08-10,624.950012,628.5,614.5,621.049988,609.529724,3168280,0.0030639662441602766
133,2018-08-13,622.0,631.549988,619.200012,628.299988,619.638367,2374657,0.011606165641657284
134,2018-08-14,629.099976,647.0,624.0,642.75,633.88916,2451003,0.022738105836254796
135,2018-08-16,644.700012,660.0,634.25,648.349976,639.4119870000001,3925549,0.008674790831849855
136,2018-08-17,650.049988,655.5,643.700012,646.900024,637.981995,2915387,-0.00223887682789492
137,2018-08-20,649.900024,653.5,642.400024,643.849976,634.973999,1296664,-0.0047260177059254005
138,2018-08-21,647.900024,654.450012,644.0,650.25,641.285767,1981523,0.009891161884731936
139,2018-08-23,653.450012,665.0,652.700012,657.950012,648.879639,2891829,0.011772054505856389
140,2018-08-24,658.0,658.0,645.0,651.200012,642.2226559999999,1904031,-0.010312125718768606
141,2018-08-27,653.0,662.5,648.200012,659.599976,650.506836,1381724,0.01281672118390631
142,2018-08-28,662.0,677.5,644.650024,648.299988,639.362671,5237362,-0.017280020628754222
143,2018-08-29,650.0,653.650024,640.0,643.5,634.628784,1891523,-0.007431506634818952
144,2018-08-30,645.0,651.900024,640.5,649.450012,640.4968259999999,2124122,0.009203842294284392
145,2018-08-31,649.549988,664.0,649.549988,662.150024,653.021729,3056580,0.019366283288070107
146,2018-09-03,665.5,671.200012,646.599976,649.099976,640.151611,1971733,-0.019905401553385715
147,2018-09-04,649.799988,655.0,638.400024,643.900024,635.023315,2249087,-0.008043279248144408
148,2018-09-05,645.049988,650.900024,637.200012,646.549988,637.6367799999999,2542543,0.00410704436480458
149,2018-09-06,651.0,664.700012,647.0,662.099976,652.972351,2841096,0.02376604950068817
150,2018-09-07,663.849976,669.5,656.299988,664.75,655.585815,2431363,0.003994464440630452
151,2018-09-10,665.0,678.0,664.0,668.049988,658.840393,3453432,0.004951972949045924
152,2018-09-11,670.099976,675.0,650.599976,654.900024,645.871704,3399042,-0.019880414201351115
153,2018-09-12,654.900024,662.0,643.25,656.450012,647.4002690000001,3302191,0.002363958789438847
154,2018-09-14,664.0,670.0,659.049988,666.400024,657.213135,1512857,0.015043579206775348
155,2018-09-17,673.0,673.0,660.400024,664.900024,655.733826,2220455,-0.0022534373629756743
156,2018-09-18,665.0,673.0,660.599976,663.700012,654.550415,1814726,-0.0018064312717251951
157,2018-09-19,668.0,678.450012,645.75,660.599976,651.492981,3043018,-0.004681781606257651
158,2018-09-21,668.0,671.549988,638.400024,653.200012,644.195129,2276641,-0.011265097158673854
159,2018-09-24,662.0,668.950012,640.799988,645.599976,636.69989,2766326,-0.011703299686388391
160,2018-09-25,644.0,665.799988,643.0,661.75,652.627197,2295464,0.024707761326193456
161,2018-09-26,664.450012,675.25,656.0,672.799988,663.524841,2131833,0.016560249715617203
162,2018-09-27,675.0,677.0,655.950012,659.349976,650.260254,3433359,-0.020193625968604856
163,2018-09-28,659.349976,663.0,647.200012,654.049988,645.033325,1862405,-0.008070682067208068
164,2018-10-01,653.049988,659.0,643.5,654.150024,645.132019,1309530,0.00015293685870254592
165,2018-10-03,650.0,663.950012,650.0,654.549988,645.526489,1533990,0.0006112386471839315
166,2018-10-04,650.099976,654.650024,632.099976,638.400024,629.599182,1736407,-0.02498287456331827
167,2018-10-05,635.299988,649.549988,631.0,636.650024,627.87323,1806150,-0.0027449920128175265
168,2018-10-08,636.599976,642.650024,628.450012,638.799988,629.993591,1564640,0.003371305838869354
169,2018-10-09,639.5,643.099976,625.25,639.349976,630.536011,1535781,0.0008606001634170468
170,2018-10-10,639.349976,651.0,633.299988,639.599976,630.7825320000001,1881053,0.0003909457172941444
171,2018-10-11,627.5,633.799988,613.049988,616.200012,607.7052,1707508,-0.03727133779958258
172,2018-10-12,620.0,627.200012,612.599976,622.900024,614.312805,2085360,0.010814425152794627
173,2018-10-15,623.0,649.799988,618.049988,647.849976,638.9188230000001,2666868,0.03927312023964813
174,2018-10-16,647.849976,651.650024,637.349976,639.75,630.930542,1510216,-0.012581675989308039
175,2018-10-17,644.900024,646.0,637.0,640.450012,631.620911,1280980,0.001093597974072047
176,2018-10-19,640.299988,645.549988,626.099976,633.799988,625.0625,2267774,-0.010437644690568071
177,2018-10-22,635.200012,640.650024,626.849976,629.650024,620.969788,1399755,-0.006569280755133633
178,2018-10-23,628.799988,632.0,616.0,622.349976,613.770386,1370461,-0.011661550684792132
179,2018-10-24,625.5,635.0,615.599976,621.299988,612.734802,987144,-0.0016885591281692314
180,2018-10-25,618.549988,624.0,605.150024,609.0,600.604431,5739386,-0.01999577004541031
181,2018-10-26,609.200012,612.349976,598.650024,603.700012,595.377441,1935618,-0.008740862030093943
182,2018-10-29,602.349976,638.200012,601.450012,635.150024,626.393982,1614423,0.05078382357601541
183,2018-10-30,636.0,636.700012,608.099976,610.349976,601.935791,2418471,-0.039828705461711245
184,2018-10-31,612.0,631.75,606.299988,629.25,620.575256,2305046,0.030496110221317707
185,2018-11-01,630.0,631.950012,614.0,615.400024,606.916199,1442392,-0.022256132128458894
186,2018-11-02,619.950012,619.950012,605.5,607.099976,598.730652,1566053,-0.013579019282780713
187,2018-11-05,607.400024,617.5,557.099976,563.049988,555.287842,12941350,-0.07532506977364584
188,2018-11-06,555.0,555.0,527.349976,530.799988,523.4825440000001,16941828,-0.0589831329798729
189,2018-11-07,536.0,536.0,532.099976,533.349976,525.997253,698244,0.004792544222230077
190,2018-11-09,535.5,535.799988,524.0,526.950012,519.6855469999999,6125274,-0.01207213392039197
191,2018-11-12,530.0,541.900024,529.049988,531.849976,524.517944,7669697,0.009255759419662724
192,2018-11-13,534.0,534.0,526.5,528.099976,520.819702,2410643,-0.007075835305219158
193,2018-11-14,530.599976,532.599976,517.0,519.549988,512.3875730000001,2740756,-0.01632258506520401
194,2018-11-15,521.900024,525.0,514.450012,519.150024,511.993103,2661535,-0.0007701242228685956
195,2018-11-16,521.700012,534.0,521.099976,530.599976,523.2851559999999,3483625,0.02181549149294959
196,2018-11-19,535.0,536.0,523.950012,528.25,520.9676509999999,1913914,-0.004438739975658912
197,2018-11-20,528.0,529.849976,518.650024,520.700012,513.521729,1707971,-0.014395573281413832
198,2018-11-21,522.799988,528.049988,521.299988,522.150024,514.951782,1749806,0.0027808656746071136
199,2018-11-22,523.0,525.0,511.75,517.950012,510.809662,2045318,-0.008076213216989814
200,2018-11-26,520.0,523.75,512.799988,522.099976,514.9024049999999,1728468,0.007980358775930618
201,2018-11-27,526.0,526.950012,513.049988,517.650024,510.513824,2100159,-0.008559709872806742
202,2018-11-28,519.200012,523.950012,513.599976,515.299988,508.196167,2003272,-0.004550152528721263
203,2018-11-29,518.0,526.400024,516.0,524.700012,517.466553,2799578,0.01807746151610523
204,2018-11-30,528.0,542.0,527.0,540.849976,533.39386,3855382,0.030315238138824085
205,2018-12-03,542.0,545.400024,534.099976,535.799988,528.413574,2033213,-0.009380996987609969
206,2018-12-04,536.0,549.0,535.049988,546.450012,538.9167480000001,3400053,0.019681899368513278
207,2018-12-05,546.0,548.900024,525.299988,528.450012,521.164917,2192065,-0.03349461791933006
208,2018-12-06,528.0,528.0,511.0,515.299988,508.196167,2562048,-0.025198984116502565
209,2018-12-07,520.0,530.650024,512.0,513.599976,506.519531,3503808,-0.0033045263999946783
210,2018-12-10,509.89999400000005,514.849976,503.10000599999995,512.549988,505.48403899999994,2201377,-0.002046461829717572
211,2018-12-11,503.0,523.950012,503.0,518.700012,511.54925499999996,2326059,0.01192746067505368
212,2018-12-12,522.900024,534.299988,521.099976,531.299988,523.975647,1683131,0.02400110637867403
213,2018-12-13,532.0,533.799988,519.200012,527.0,519.734863,2234487,-0.008126262329425593
214,2018-12-14,528.349976,533.799988,516.650024,521.75,514.557251,1950888,-0.01001200258405266
215,2018-12-17,524.0,529.349976,520.700012,523.650024,516.43103,1196871,0.0036350220939835864
216,2018-12-18,524.0,527.0,520.049988,522.900024,515.6914059999999,1628240,-0.0014332809593318174
217,2018-12-19,524.0,528.599976,522.549988,524.75,517.5158690000001,1241000,0.003531671608780762
218,2018-12-20,523.700012,526.0,515.400024,520.25,513.077942,2074097,-0.008612493426998213
219,2018-12-21,521.0,523.950012,514.299988,516.650024,509.52752699999996,1758710,-0.006943756160270098
220,2018-12-24,518.799988,520.799988,513.0,518.799988,511.647858,1214348,0.004152720198513649
221,2018-12-26,515.599976,519.0,507.299988,514.299988,507.2099,1318560,-0.00871169986380238
222,2018-12-27,518.900024,521.0,514.0,517.900024,510.76031500000005,1351636,0.006975490322651545
223,2018-12-28,514.299988,525.349976,514.299988,522.0,514.803833,1933464,0.007885368111802293
224,2018-12-31,522.0,526.0,517.200012,519.5,512.338257,1897948,-0.004800777343357154
225,2019-01-01,520.0,524.0,518.650024,523.049988,515.839294,1361809,0.006810228308130384
226,2019-01-02,521.900024,522.5,513.150024,514.549988,507.45648200000005,1243067,-0.01638432988666061
227,2019-01-03,516.5,520.5,511.200012,512.400024,505.336151,2086150,-0.004187092099765977
228,2019-01-04,513.0,514.900024,508.049988,512.799988,505.730591,1651456,0.0007802653445381225
229,2019-01-07,516.0,517.75,510.299988,514.049988,506.96334800000005,1168002,0.0024346314391703316
230,2019-01-08,516.0,517.200012,511.25,513.650024,506.56890899999996,1765015,-0.0007783672579995127
231,2019-01-09,515.549988,516.75,507.5,510.10000599999995,503.06787099999997,1929305,-0.006935349695414317
232,2019-01-10,509.0,514.900024,509.0,513.25,506.174408,1252439,0.006156259207762638
233,2019-01-11,513.400024,519.0,508.25,510.200012,503.16647300000005,2051418,-0.005960226671144042
234,2019-01-14,510.200012,514.0,505.60000599999995,511.950012,504.89236500000004,1472415,0.0034241582327156905
235,2019-01-15,514.5,515.349976,509.5,514.950012,507.85095199999995,1177377,0.005842844414429393
236,2019-01-16,515.0,515.950012,509.0,511.5,504.44854699999996,1446921,-0.006722246483362504
237,2019-01-17,512.5,514.950012,507.60000599999995,509.60000599999995,502.57473799999997,1598184,-0.00372146935978801
238,2019-01-18,510.200012,513.0,507.299988,509.39999400000005,502.37747199999995,1502360,-0.00039256526510023093
239,2019-01-21,510.0,514.200012,508.200012,509.25,502.229553,1150380,-0.0002944956598778248
240,2019-01-22,510.0,511.39999400000005,502.450012,507.10000599999995,500.109192,1455953,-0.004230820473956065
241,2019-01-23,510.0,511.700012,507.10000599999995,509.299988,502.27883899999995,1358623,0.004328975695847781
242,2019-01-24,510.0,510.700012,496.10000599999995,500.700012,493.79742400000003,1620195,-0.017030067026461815
243,2019-01-25,502.10000599999995,508.60000599999995,501.35000599999995,507.64999400000005,500.65161100000006,1193442,0.013785078625719649
244,2019-01-28,509.0,509.0,489.10000599999995,492.14999400000005,485.365295,3215535,-0.031008686044249778
245,2019-01-29,489.10000599999995,507.549988,483.75,505.049988,498.087463,2675481,0.02587387463135382
246,2019-01-30,504.950012,507.10000599999995,497.700012,505.799988,498.827118,1524621,0.0014838999959030374
247,2019-01-31,506.0,519.849976,504.25,517.299988,510.16860999999994,2203919,0.022481643301025755
248,2019-02-01,517.650024,522.549988,512.5,521.349976,514.162781,1380838,0.00779860138916888
249,2019-02-04,521.0,521.0,506.200012,509.60000599999995,502.57473799999997,1480952,-0.02279543916937321
250,2019-02-05,506.549988,514.0,501.200012,508.0,500.996796,4358002,-0.0031446684534115477
251,2019-02-06,510.5,546.700012,504.10000599999995,534.950012,527.575195,8775759,0.05169185943813659
252,2019-02-07,537.099976,546.599976,528.150024,532.900024,525.553589,4417618,-0.0038394726772903454
253,2019-02-08,532.849976,543.700012,531.200012,534.25,526.8848879999999,2747159,0.0025300598599287127
254,2019-02-11,538.700012,545.900024,535.849976,543.299988,535.81012,2989919,0.016797737270975333
255,2019-02-12,540.049988,545.700012,536.099976,543.299988,535.81012,2252766,0.0
256,2019-02-14,542.900024,556.0,537.400024,542.900024,535.41571,2766535,-0.0007364463517918196
257,2019-02-15,540.0,551.400024,528.5,540.549988,533.098022,2491806,-0.004338067579271687
258,2019-02-18,542.0,545.049988,532.299988,541.150024,533.689819,1590101,0.001109431551981288
259,2019-02-19,544.799988,545.0,536.75,539.650024,532.21051,1879600,-0.002775723346525538
260,2019-02-20,540.200012,543.200012,538.650024,541.099976,533.6405030000001,1208930,0.00268323454997077
261,2019-02-21,542.849976,547.900024,540.5,545.5,537.979797,1093548,0.008098744978529915
262,2019-02-22,543.799988,546.099976,539.099976,541.299988,533.837708,1592112,-0.007729173639045683
263,2019-02-25,541.5,550.849976,541.0,548.299988,540.741211,1961905,0.012848928890093703
264,2019-02-26,545.099976,553.650024,538.049988,550.400024,542.812317,1952961,0.0038227696996111504
265,2019-02-27,551.0,555.349976,544.25,551.900024,544.291626,2389977,0.002721583707809394
266,2019-02-28,555.0,558.299988,546.0,554.549988,546.9050900000001,2618486,0.004790038479989711
267,2019-03-01,555.0,555.299988,547.400024,551.549988,543.946411,2430914,-0.005424477753059875
268,2019-03-05,550.0,551.5,546.549988,548.650024,541.086426,1644098,-0.005271715477981331
269,2019-03-06,551.0,552.0,541.950012,547.549988,540.001587,1587182,-0.002006999374581042
270,2019-03-07,547.650024,550.0,539.650024,541.349976,533.886963,1144534,-0.011387784382665522
271,2019-03-08,541.0,543.400024,538.25,539.950012,532.506348,2618767,-0.002589410520247526
272,2019-03-11,542.0,542.0,535.5,540.099976,532.6542360000001,2342102,0.0002776982595804611
273,2019-03-12,541.900024,543.650024,537.299988,538.75,531.322876,2049339,-0.0025026217446715293
274,2019-03-13,542.0,542.5,531.0,532.799988,525.454895,1582245,-0.011105544714300919
275,2019-03-14,532.049988,534.099976,530.5,532.75,525.405579,1490894,-9.382572492988572e-05
276,2019-03-15,534.099976,535.400024,528.950012,532.599976,525.25769,2019240,-0.0002816426608553968
277,2019-03-18,533.049988,535.799988,529.0,534.5,527.13147,1266863,0.003561102147228823
278,2019-03-19,537.150024,537.700012,530.200012,533.650024,526.293152,874797,-0.0015914921318298525
279,2019-03-20,532.0,534.799988,531.099976,533.25,525.898682,1255306,-0.0007498809818100582
280,2019-03-22,534.900024,539.0,523.599976,526.799988,519.537598,1579084,-0.012169410261377855
281,2019-03-25,525.599976,528.700012,516.200012,526.849976,519.586914,1874898,9.488540169044768e-05
282,2019-03-26,528.5,532.5,525.700012,529.299988,522.003113,3044792,0.00463952370071663
283,2019-03-27,531.400024,533.599976,524.049988,525.5,518.255493,1217387,-0.007205165875483033
284,2019-03-28,525.299988,527.349976,522.299988,525.599976,518.354126,4133379,0.00019023119129357724
285,2019-04-01,516.299988,528.75,516.299988,525.650024,518.403442,4091454,9.521617129681914e-05
286,2019-04-02,529.950012,529.950012,521.150024,522.650024,515.444885,1268431,-0.005723567781049432
287,2019-04-03,523.0,524.799988,519.099976,520.450012,513.275208,3276338,-0.004218224880100152
288,2019-04-04,519.0,522.0,517.5,521.0,513.817505,5555991,0.0010561967349200785
289,2019-04-05,531.400024,541.0,526.0,532.099976,524.764587,9784780,0.021081354744652003
290,2019-04-08,536.5,536.900024,522.700012,525.400024,518.1569820000001,2429845,-0.012671473567098523
291,2019-04-09,526.25,534.5,525.400024,532.0,524.6659549999999,2301681,0.012483566410724123
292,2019-04-10,531.549988,551.75,530.799988,546.450012,538.9167480000001,5992326,0.026799344740960684
293,2019-04-11,546.349976,554.700012,542.0,544.849976,537.338745,2977870,-0.002932350708531928
294,2019-04-12,547.950012,556.700012,545.299988,554.849976,547.200928,4347530,0.01818728031756489
295,2019-04-15,555.0,569.200012,552.0,566.299988,558.493042,2252373,0.020426188237938625
296,2019-04-16,570.0,571.75,556.599976,559.349976,551.638855,2246831,-0.012348599543583916
297,2019-04-18,562.0,566.650024,553.200012,561.549988,553.808533,2306549,0.0039254436536282356
298,2019-04-22,560.0,566.0,556.599976,561.099976,553.364807,1205612,-0.0008016960558201447
299,2019-04-23,562.5,575.950012,560.400024,561.700012,553.956482,2179959,0.0010688209183031816
300,2019-04-24,561.400024,564.5,553.200012,558.549988,550.849915,1896565,-0.005623802369447262
301,2019-04-25,558.700012,563.950012,551.150024,555.599976,547.9405519999999,2416194,-0.005295550849013786
302,2019-04-26,558.25,572.900024,557.200012,567.950012,560.1203,2593397,0.021984840122407867
303,2019-04-30,569.900024,571.049988,558.650024,565.0,557.210999,1914026,-0.005207676659609639
304,2019-05-02,563.0,569.700012,556.700012,565.599976,557.802734,1700976,0.0010613410031057313
305,2019-05-03,568.0,573.0,561.650024,564.5,556.717896,2758638,-0.0019466885598307115
306,2019-05-06,556.0,564.5,556.0,563.349976,555.58374,1715311,-0.0020393215818321764
307,2019-05-07,564.0,566.299988,555.150024,557.950012,550.25824,1478212,-0.00963168786887092
308,2019-05-08,556.0,561.400024,549.0,558.0,550.307434,1890174,8.95882422975447e-05
309,2019-05-09,559.900024,561.049988,548.700012,557.75,550.060974,1672967,-0.00044812906866908975
310,2019-05-10,557.75,562.700012,551.0,555.549988,547.891296,1687480,-0.0039522408828398525
311,2019-05-13,552.0,556.75,529.599976,546.700012,539.163269,2027570,-0.016058364578967144
312,2019-05-14,546.0,560.75,541.200012,556.0,548.335083,1822829,0.016868066399747583
313,2019-05-15,554.0,562.5,551.5,555.700012,548.039246,1396473,-0.0005396923703218093
314,2019-05-16,554.0,556.700012,541.049988,550.200012,542.6151120000001,2589467,-0.00994673157953585
315,2019-05-17,549.0,551.950012,541.0,544.150024,536.6484379999999,1194005,-0.011056882053169126
316,2019-05-20,560.0,567.0,550.400024,565.450012,557.654846,1586746,0.03839690729181555
317,2019-05-21,565.450012,580.0,552.75,559.349976,551.638855,4286383,-0.010846543153378185
318,2019-05-22,562.0,574.0,550.049988,553.0,545.376465,7762734,-0.011417350863657916
319,2019-05-23,561.900024,568.900024,543.75,564.75,556.964478,5640728,0.021025153825777743
320,2019-05-24,569.200012,572.5,559.450012,570.599976,562.733826,1796355,0.010305241370297757
321,2019-05-27,570.0,586.0,568.0,578.700012,570.722168,1959075,0.014095832597515567
322,2019-05-28,579.0,584.200012,571.5,577.950012,569.982483,2469586,-0.0012968488126077204
323,2019-05-29,577.400024,582.450012,559.900024,564.349976,556.569946,1948077,-0.023812796628484456
324,2019-05-30,560.099976,563.5,554.25,561.950012,554.2030639999999,2577559,-0.004261684556344569
325,2019-05-31,562.700012,569.0,550.849976,558.849976,551.145813,1912387,-0.00553184143220431
326,2019-06-03,559.0,569.450012,552.5,568.25,560.416199,1284381,0.016680404846368013
327,2019-06-04,564.0,575.0,561.099976,562.650024,554.893372,1558827,-0.009903654881355806
328,2019-06-06,565.0,568.299988,556.549988,559.799988,552.082642,1750285,-0.005078252206171641
329,2019-06-07,565.0,565.0,542.0,549.5,541.924622,2696228,-0.018570781801449776
330,2019-06-10,550.599976,562.599976,550.0,554.549988,546.9050900000001,1708042,0.009148178567907728
331,2019-06-11,555.400024,566.400024,551.0,559.849976,552.131958,2518184,0.009511895425996286
332,2019-06-12,558.900024,567.0,556.25,561.599976,553.85791,1253337,0.0031209621389782782
333,2019-06-13,560.049988,566.599976,559.25,564.599976,556.816467,1594956,0.005327663334859345
334,2019-06-14,560.150024,564.450012,554.150024,555.599976,547.9405519999999,1808363,-0.0160689056277743
335,2019-06-17,555.5,556.599976,543.849976,545.150024,537.6347049999999,1267159,-0.018987537506673036
336,2019-06-18,545.200012,555.5,545.049988,547.599976,540.0507809999999,1257992,0.00448401940971177
337,2019-06-19,550.599976,551.900024,532.549988,533.700012,526.342529,1137906,-0.025711143762240596
338,2019-06-20,531.799988,552.450012,528.650024,551.299988,543.699829,1986432,0.03244519800446355
339,2019-06-21,549.849976,553.799988,545.200012,551.549988,543.946411,1534007,0.0004533708296188266
340,2019-06-24,548.549988,552.450012,545.099976,549.900024,542.319214,981017,-0.0029959875004568204
341,2019-06-25,548.950012,554.950012,546.549988,550.049988,542.467102,805704,0.000272674211179158
342,2019-06-26,550.0,558.799988,548.0,556.549988,548.8775019999999,1020879,0.011747831008583454
343,2019-06-27,556.849976,563.900024,550.299988,551.950012,544.340881,1323494,-0.00829950817236913
344,2019-06-28,551.900024,556.700012,546.349976,553.450012,545.820251,996578,0.0027139513083476174
345,2019-07-01,555.700012,559.349976,553.150024,555.799988,548.137756,565463,0.004237060204094867
346,2019-07-02,557.150024,558.5,551.5,555.349976,547.694031,565414,-0.0008099933207645904
347,2019-07-03,555.349976,556.700012,549.450012,553.25,545.6229860000001,797387,-0.0037885234659791323
348,2019-07-04,554.650024,555.650024,550.599976,551.549988,543.946411,639531,-0.003077504272635423
349,2019-07-05,551.549988,554.25,549.200012,550.0,542.417786,796604,-0.002814196432007421
350,2019-07-08,547.0,549.0,534.650024,538.450012,531.027039,1490078,-0.021223614165434945
351,2019-07-09,536.799988,552.450012,536.799988,548.799988,541.2343139999999,1472836,0.019039390484704377
352,2019-07-10,545.349976,551.150024,541.849976,544.950012,537.4374389999999,1045560,-0.0070399851900964094
353,2019-07-11,549.0,553.799988,546.0,552.400024,544.784729,726448,0.013578395626224982
354,2019-07-12,554.0,566.5,547.200012,556.799988,549.1240230000001,1485506,0.007933622486571146
355,2019-07-15,559.900024,560.5,548.599976,550.549988,542.960205,842129,-0.011288330705270688
356,2019-07-16,554.75,558.450012,549.400024,553.549988,545.918762,1460303,0.005434303864002565
357,2019-07-17,554.0,558.5,547.450012,557.549988,549.863647,1034734,0.0072001032614199545
358,2019-07-18,558.849976,559.0,545.5,547.0,539.459167,1355289,-0.019103361466656033
359,2019-07-19,550.799988,552.0,535.5,536.700012,529.301147,783708,-0.019009500880338592
360,2019-07-22,536.700012,540.0,526.200012,530.950012,523.630371,1816845,-0.010771424090790127
361,2019-07-23,531.0,535.200012,521.0,528.900024,521.608704,2353027,-0.003868454001721311
362,2019-07-24,529.0,529.0,517.049988,518.75,511.59860199999997,2707033,-0.01937735190422263
363,2019-07-25,521.349976,539.200012,519.0,536.650024,529.251892,3183510,0.03392408610451003
364,2019-07-26,533.200012,539.900024,528.25,532.099976,524.764587,1371242,-0.008514761151399597
365,2019-07-29,531.599976,534.950012,520.25,522.25,515.050354,735045,-0.018684996061343995
366,2019-07-30,522.200012,533.599976,517.799988,520.0,512.83136,1665158,-0.004317588861201926
367,2019-07-31,516.900024,522.700012,506.0,521.099976,516.898254,1828077,0.002113104283275824
368,2019-08-01,516.150024,519.450012,509.200012,512.450012,508.318054,1289007,-0.016738747164258605
369,2019-08-02,509.0,519.700012,508.700012,516.099976,511.938599,1574251,0.007097329957574061
370,2019-08-05,513.799988,520.799988,512.25,518.900024,514.716064,2162918,0.0054107339733144855
371,2019-08-06,518.0,527.0,496.85000599999995,500.14999400000005,496.117218,7425849,-0.03680319119059039
372,2019-08-07,502.700012,525.849976,501.64999400000005,518.299988,514.12085,4668643,0.03564616060825809
373,2019-08-08,504.75,510.0,493.799988,503.049988,498.993835,6750611,-0.029864657159474284
374,2019-08-09,505.89999400000005,511.700012,481.549988,484.5,480.59341399999994,5172748,-0.03757211355275114
375,2019-08-13,484.5,486.89999400000005,473.049988,475.75,471.913971,2952687,-0.018224925154561866
376,2019-08-14,477.450012,483.25,465.0,478.299988,474.44342,2376714,0.005345619421134984
377,2019-08-16,477.0,483.39999400000005,474.5,476.10000599999995,472.26113899999996,1279325,-0.0046101967945269
378,2019-08-19,478.5,485.549988,474.60000599999995,475.85000599999995,472.01315300000005,1211272,-0.0005252376754993904
379,2019-08-20,478.85000599999995,481.700012,470.549988,478.700012,474.84020999999996,1606901,0.0059714303389872825
380,2019-08-21,478.60000599999995,479.0,466.950012,468.049988,464.276062,1065506,-0.022499019286888355
381,2019-08-22,464.89999400000005,469.950012,460.60000599999995,464.0,460.258728,1398888,-0.008690549953211502
382,2019-08-23,464.0,467.35000599999995,449.200012,465.89999400000005,462.143372,2217428,0.004086453718195493
383,2019-08-26,468.10000599999995,470.950012,454.89999400000005,466.549988,462.788147,2158865,0.001394164014864252
384,2019-08-27,468.5,469.85000599999995,458.450012,465.35000599999995,461.59783899999996,2992115,-0.0025753464340745325
385,2019-08-28,465.799988,476.200012,460.14999400000005,464.25,460.506714,2193022,-0.0023666232924250963
386,2019-08-29,465.5,468.0,456.549988,465.200012,461.449066,1410078,0.0020442462070509038
387,2019-08-30,468.0,475.200012,461.450012,472.450012,468.640594,1126818,0.015464500188281605
388,2019-09-03,467.0,471.25,461.0,469.549988,465.763947,1564714,-0.006157182933909766
389,2019-09-04,471.10000599999995,475.0,467.049988,471.39999400000005,467.59902999999997,2339657,0.0039322140797484195
390,2019-09-05,472.0,479.75,470.60000599999995,478.39999400000005,474.54260300000004,1216510,0.014740212320629276
391,2019-09-06,479.0,482.5,473.75,474.89999400000005,471.07083099999994,1668897,-0.007342947173778036
392,2019-09-09,475.0,478.700012,472.10000599999995,475.0,471.170013,780846,0.00021056111380346465
393,2019-09-11,474.0,478.299988,468.049988,471.799988,467.99578899999995,996410,-0.006759662495572805
394,2019-09-12,474.0,474.0,464.39999400000005,467.799988,464.028076,1179858,-0.008514313040977939
395,2019-09-13,468.049988,469.64999400000005,464.5,469.0,465.21841399999994,818854,0.002561939948188652
396,2019-09-16,467.0,472.0,464.10000599999995,470.5,466.706299,1257381,0.0031931905791555693
397,2019-09-17,471.950012,472.39999400000005,457.0,460.64999400000005,456.93573,1753611,-0.02115743649556734
398,2019-09-18,461.39999400000005,462.799988,454.35000599999995,458.64999400000005,454.95187400000003,1656705,-0.004351143656073475
399,2019-09-19,458.64999400000005,461.950012,449.89999400000005,452.049988,448.40505999999993,1027073,-0.014494612236155113
400,2019-09-20,454.200012,465.0,445.5,463.299988,459.564362,2558072,0.024581999883819705
401,2019-09-23,468.0,472.299988,445.0,448.89999400000005,445.280487,2819792,-0.03157463409957817
402,2019-09-24,450.0,455.049988,446.60000599999995,450.25,446.61959800000005,1959468,0.0030028516341849
403,2019-09-25,449.89999400000005,450.0,432.200012,434.60000599999995,431.095795,3524655,-0.035376902427938006
404,2019-09-26,439.0,440.450012,430.39999400000005,438.450012,434.914734,3960277,0.008819725966378478
405,2019-09-27,438.450012,446.0,435.700012,439.39999400000005,435.85708600000004,3151119,0.00216433870101973
406,2019-09-30,430.0,432.799988,418.0,425.5,422.06915300000003,6307161,-0.03214519828209639
407,2019-10-01,426.89999400000005,426.89999400000005,402.700012,412.649994,409.32275400000003,4914716,-0.03066518651490302
408,2019-10-03,411.0,421.0,406.5,418.100006,414.728821,2639852,0.013120891214627228
409,2019-10-04,419.5,431.299988,416.149994,418.350006,414.976807,4182360,0.0005977643705126212
410,2019-10-07,419.950012,419.950012,405.5,408.25,404.958252,2564196,-0.02443868523309156
411,2019-10-09,408.299988,427.0,407.5,423.35000599999995,419.936493,4117690,0.036319542410382155
412,2019-10-10,423.10000599999995,427.299988,418.549988,422.14999400000005,418.746155,2381621,-0.0028385873584051424
413,2019-10-11,422.549988,443.0,389.549988,441.35000599999995,437.79135099999996,17354782,0.04447753815834332
414,2019-10-14,441.35000599999995,446.450012,433.5,440.89999400000005,437.344971,5861895,-0.0010201463055308224
415,2019-10-15,440.0,448.5,435.35000599999995,446.549988,442.94940199999996,3153015,0.012733270501840366
416,2019-10-16,446.299988,447.85000599999995,438.950012,446.799988,443.197388,2180925,0.0005596910801868304
417,2019-10-17,445.299988,447.700012,439.39999400000005,446.299988,442.701416,1818421,-0.001119695589911096
418,2019-10-18,448.5,451.14999400000005,440.10000599999995,444.14999400000005,440.568787,2850227,-0.004829015040719753
419,2019-10-22,441.25,457.75,440.200012,453.89999400000005,450.240173,2333810,0.021714566536888746
420,2019-10-23,453.64999400000005,456.799988,448.10000599999995,454.25,450.58734100000004,2262575,0.0007708110326314355
421,2019-10-24,455.0,456.0,443.549988,446.85000599999995,443.247009,1733751,-0.016424726021554648
422,2019-10-25,447.10000599999995,461.450012,441.75,459.85000599999995,456.14218099999994,2647759,0.02867738114171381
423,2019-10-27,462.0,463.89999400000005,459.5,461.049988,457.33248899999995,179612,0.0026061085611646106
424,2019-10-29,463.89999400000005,478.39999400000005,462.0,473.049988,469.23574800000006,3498572,0.025694594825551142
425,2019-10-30,478.950012,478.950012,462.25,465.0,461.25064100000003,2640132,-0.0171636601957994
426,2019-10-31,465.0,472.700012,460.14999400000005,466.85000599999995,463.085724,3944718,0.003970614194672706
427,2019-11-01,467.299988,474.200012,462.39999400000005,469.200012,465.416809,3649879,0.00502112257273879
428,2019-11-04,471.39999400000005,478.5,467.049988,468.299988,464.52404800000005,2393325,-0.0019200517898712022
429,2019-11-05,470.14999400000005,475.5,465.14999400000005,467.85000599999995,464.07769800000005,1391429,-0.0009613460183510725
430,2019-11-06,469.049988,487.950012,464.25,480.85000599999995,476.97283899999996,17751556,0.02740763908984878
431,2019-11-07,482.0,487.39999400000005,470.0,471.85000599999995,468.04540999999995,5892783,-0.01889423245314692
432,2019-11-08,470.10000599999995,470.10000599999995,461.25,462.5,458.770813,4300075,-0.020014594230767457
433,2019-11-11,459.39999400000005,459.39999400000005,451.75,454.85000599999995,451.182495,4109355,-0.01667884949324705
434,2019-11-13,452.0,455.0,446.0,447.89999400000005,444.28851299999997,3001272,-0.01539772764182512
435,2019-11-14,445.200012,458.200012,442.64999400000005,451.39999400000005,447.76031500000005,2659601,0.007783871274047449
436,2019-11-15,448.0,468.049988,435.39999400000005,463.25,459.514771,10693852,0.02591301407401403
437,2019-11-18,463.0,472.0,457.64999400000005,460.60000599999995,456.88613899999996,2847404,-0.00573686475239743
438,2019-11-19,461.200012,477.5,459.549988,472.10000599999995,468.29342699999995,5080106,0.024660839848341
439,2019-11-20,472.0,483.700012,468.64999400000005,482.60000599999995,478.708771,4080054,0.021997325362175246
440,2019-11-21,482.60000599999995,492.299988,476.60000599999995,485.5,481.585358,5600894,0.0059911221077921795
441,2019-11-22,485.0,485.0,472.700012,478.85000599999995,474.988983,2778328,-0.013791879233731485
442,2019-11-25,478.25,485.35000599999995,475.89999400000005,483.5,479.601501,1465490,0.009663906395700472
443,2019-11-26,483.0,490.549988,476.700012,478.549988,474.691376,3880896,-0.010290641327183714
444,2019-11-27,475.0,475.0,464.549988,468.0,464.226471,3494515,-0.02229237764851799
445,2019-11-28,472.0,476.5,464.10000599999995,468.35000599999995,464.57366900000005,2933958,0.0007475965484244895
446,2019-11-29,469.64999400000005,473.39999400000005,465.60000599999995,466.700012,462.93695099999997,1307574,-0.0035292137978526483
447,2019-12-02,469.60000599999995,469.60000599999995,455.35000599999995,464.0,460.258728,2492362,-0.005802126441963651
448,2019-12-03,465.0,465.85000599999995,460.0,464.25,460.506714,1067139,0.0005386480065601162
449,2019-12-04,463.0,471.85000599999995,462.0,470.0,466.21032699999995,1426757,0.012309494471288929
450,2019-12-05,469.5,470.299988,460.39999400000005,461.60000599999995,457.87805199999997,1483537,-0.018033966511947774
451,2019-12-06,463.0,467.0,454.0,455.450012,451.777679,2520045,-0.01341276065376995
452,2019-12-09,457.39999400000005,457.75,444.60000599999995,447.89999400000005,444.28851299999997,3761784,-0.016715987720979264
453,2019-12-10,450.60000599999995,454.950012,449.5,453.049988,449.39697300000006,2807906,0.01143248836351951
454,2019-12-11,453.0,453.10000599999995,446.700012,449.950012,446.322021,1806996,-0.006865976031339649
455,2019-12-12,452.200012,463.10000599999995,452.200012,461.049988,457.33248899999995,2730092,0.024369978808016945
456,2019-12-13,461.049988,465.0,456.60000599999995,461.25,457.53088399999996,1213599,0.0004337243971326288
457,2019-12-16,463.049988,464.75,457.5,458.25,454.55508399999997,903737,-0.006525308634921956
458,2019-12-17,462.049988,466.200012,460.35000599999995,463.950012,460.209137,2434853,0.012361926944229218
459,2019-12-18,464.0,469.25,461.5,467.799988,464.028076,1705929,0.008264014834046485
460,2019-12-19,465.64999400000005,471.5,464.799988,467.60000599999995,463.82971200000003,1485123,-0.0004275860686977495
461,2019-12-20,466.89999400000005,474.450012,463.89999400000005,465.75,461.99459800000005,2248997,-0.003964232947694768
462,2019-12-23,467.0,469.0,464.5,467.85000599999995,464.07769800000005,866023,0.004498735064847104
463,2019-12-24,467.25,480.0,465.5,478.700012,474.84020999999996,3262749,0.022926376919810032
464,2019-12-26,478.700012,482.549988,472.25,474.14999400000005,470.32687400000003,2887784,-0.009550406790841848
465,2019-12-27,474.549988,483.5,472.799988,481.10000599999995,477.220825,2005404,0.014551446501314125
466,2019-12-30,481.10000599999995,487.0,478.25,479.950012,476.080109,1809828,-0.0023932043646777146
467,2019-12-31,479.950012,484.299988,476.950012,478.200012,474.34423799999996,1640854,-0.0036528766938230817
468,2020-01-01,481.0,481.0,474.450012,475.89999400000005,472.06274400000007,1316812,-0.00482134459895267
469,2020-01-02,478.85000599999995,479.89999400000005,472.299988,473.5,469.68212900000003,1406381,-0.005055822893241135
470,2020-01-03,475.799988,475.799988,467.25,469.950012,466.16076699999996,2252752,-0.007525581025191741
471,2020-01-06,469.799988,469.950012,461.200012,466.75,462.986542,1501855,-0.006832549179109471
472,2020-01-07,466.0,470.0,463.64999400000005,468.60000599999995,464.82165499999996,2365554,0.0039557564559604685
473,2020-01-08,467.799988,470.10000599999995,461.60000599999995,464.75,461.00268600000004,1507276,-0.008249912276238724
474,2020-01-09,467.5,473.299988,467.5,470.10000599999995,466.30954,1700600,0.011445824191772758
475,2020-01-10,470.10000599999995,477.0,469.75,473.5,469.68212900000003,1213600,0.00720646183280671
476,2020-01-13,474.5,482.450012,474.5,477.64999400000005,473.798645,1229969,0.008726321528385483
477,2020-01-14,480.60000599999995,485.200012,479.200012,484.25,480.345428,2160301,0.01372306813258728
478,2020-01-15,484.0,486.85000599999995,479.549988,484.0,480.097443,1413668,-0.0005163955704734491
479,2020-01-16,484.0,487.450012,479.0,480.25,476.37768600000004,1694372,-0.007778105067965946
480,2020-01-17,480.0,482.950012,476.549988,480.299988,476.42727699999995,2039387,0.00010408203772716007
481,2020-01-20,480.450012,483.14999400000005,476.64999400000005,480.14999400000005,476.278473,1206931,-0.0003123410985068631
482,2020-01-21,478.950012,479.549988,472.200012,473.39999400000005,469.582916,1448808,-0.014157858182274552
483,2020-01-22,474.5,480.299988,470.25,471.60000599999995,467.79742400000003,2380518,-0.0038095030197498048
484,2020-01-23,464.5,475.85000599999995,459.35000599999995,465.14999400000005,461.399445,5783749,-0.013771260070359226
485,2020-01-24,465.0,467.75,456.85000599999995,458.85000599999995,455.15026900000004,2713370,-0.013636548974312213
486,2020-01-27,457.5,466.5,454.200012,464.450012,460.705109,5849003,0.012130563329350252
487,2020-01-28,465.0,468.0,458.950012,464.700012,460.953094,3592413,0.0005381262435033562
488,2020-01-29,464.700012,467.39999400000005,460.35000599999995,461.549988,457.82846100000006,1737293,-0.00680169747723447
489,2020-01-30,461.0,461.0,446.35000599999995,451.0,447.363525,2766881,-0.02312302493413121
490,2020-01-31,453.950012,453.950012,442.10000599999995,446.89999400000005,443.2966,2184609,-0.009132496989095351
491,2020-02-03,444.0,450.64999400000005,439.39999400000005,444.549988,440.965546,1690394,-0.00527233494002477
492,2020-02-04,446.700012,452.450012,444.200012,448.450012,444.83410599999996,2030860,0.008734711749289303
493,2020-02-05,449.549988,459.14999400000005,437.5,447.549988,443.941345,3637403,-0.0020089828185465564
494,2020-02-06,462.5,464.35000599999995,435.35000599999995,439.64999400000005,436.10507199999995,7118843,-0.017809294326509573
495,2020-02-07,440.0,445.89999400000005,437.299988,443.200012,439.62643399999996,6386193,0.008042220331094363
496,2020-02-10,444.200012,451.0,442.10000599999995,444.75,441.16394,3557480,0.00349116403705807
497,2020-02-11,447.10000599999995,452.0,443.35000599999995,450.60000599999995,446.966766,1889638,0.013067714767778682
498,2020-02-12,454.950012,454.950012,445.0,446.799988,443.197388,1683136,-0.008469000976331742
499,2020-02-13,446.799988,448.89999400000005,440.5,443.39999400000005,439.82479900000004,2041017,-0.007638756686979775
500,2020-02-14,444.0,448.89999400000005,441.5,447.10000599999995,443.494995,1814780,0.00831001300934009
501,2020-02-17,444.5,445.75,430.10000599999995,431.89999400000005,428.41754199999997,4581786,-0.034588230585200996
502,2020-02-18,433.0,437.64999400000005,428.10000599999995,436.0,432.484497,2453801,0.009448177274483882
503,2020-02-19,437.799988,449.200012,437.39999400000005,447.5,443.891754,2359566,0.026034294365875787
504,2020-02-20,448.0,448.799988,434.5,435.75,432.236511,3048500,-0.026607853314779994
505,2020-02-24,436.0,436.700012,426.549988,430.14999400000005,426.681671,2569563,-0.012934713281395283
506,2020-02-25,430.200012,431.200012,420.0,425.799988,422.36672999999996,2438218,-0.010164246841600999
507,2020-02-26,406.0,425.0,405.799988,422.200012,418.795776,8068909,-0.008490560440365336
508,2020-02-27,411.100006,424.0,409.0,421.200012,417.803833,5109022,-0.0023713550869199906
509,2020-02-28,413.0,416.450012,398.049988,402.100006,398.85784900000004,4200936,-0.046406979924959124
510,2020-03-02,407.0,411.25,394.649994,401.950012,398.709045,3460583,-0.00037309619646030967
511,2020-03-03,402.0,429.200012,402.0,425.299988,421.870758,5476676,0.05646704141578063
512,2020-03-04,425.60000599999995,449.799988,420.0,447.64999400000005,444.04052699999994,9297945,0.05121688963262727
513,2020-03-05,447.85000599999995,472.0,437.450012,440.60000599999995,437.04739400000005,9637431,-0.015874215690800497
514,2020-03-06,425.0,438.14999400000005,423.049988,434.39999400000005,430.897369,2916146,-0.014171693178465006
515,2020-03-09,425.0,432.64999400000005,423.5,426.14999400000005,422.71389800000003,2986596,-0.019174371918814437
516,2020-03-11,425.0,426.14999400000005,410.200012,417.100006,413.736877,5314547,-0.021465367300818272
517,2020-03-12,412.5,412.5,390.75,394.75,391.567078,5636464,-0.055073362452187524
518,2020-03-13,388.0,434.950012,355.299988,425.549988,422.11874400000005,6096891,0.07512976858841647
519,2020-03-16,416.0,423.89999400000005,392.75,396.399994,393.20376600000003,5394603,-0.07095863440456096
520,2020-03-17,397.0,422.0,390.75,401.75,398.510651,2989674,0.013406217298014944
521,2020-03-18,411.799988,411.799988,381.700012,386.0,382.887634,4200456,-0.03999263515279061
522,2020-03-19,374.799988,390.75,362.899994,374.700012,372.644165,2926091,-0.029711631639568914
523,2020-03-20,379.799988,399.799988,372.450012,392.799988,390.644836,4718358,0.04717480810514996
524,2020-03-23,370.0,406.899994,370.0,375.25,373.191132,5507004,-0.045708075416841076
525,2020-03-24,380.0,409.75,372.549988,377.450012,375.379059,6649616,0.0058456708643523925
526,2020-03-25,378.0,394.899994,374.0,376.450012,374.384552,6418955,-0.0026528732050490333
527,2020-03-26,383.0,394.700012,380.5,386.149994,384.03131099999996,4291225,0.025440611304395233
528,2020-03-27,393.0,411.0,391.950012,407.649994,405.413361,6471291,0.05418306891314195
529,2020-03-30,413.799988,438.700012,407.649994,431.75,429.381134,9020926,0.05743776863637606
530,2020-03-31,446.0,446.60000599999995,420.0,422.85000599999995,420.529968,9434602,-0.020829196609128076
531,2020-04-01,424.89999400000005,430.89999400000005,410.399994,413.75,411.479889,6329668,-0.021755593726386913
532,2020-04-03,425.0,454.700012,416.25,449.200012,446.735413,17906762,0.08220632288717411
533,2020-04-07,479.0,513.400024,452.0,492.25,489.54919400000006,20843608,0.0915184679407881
534,2020-04-08,496.950012,530.0,490.0,512.75,509.936707,19456188,0.04080167943325552
535,2020-04-09,564.0,610.0,564.0,579.599976,576.4199219999999,27207708,0.12254977208616857
536,2020-04-13,605.0,605.0,583.0,592.849976,589.597229,15483858,0.02260320638300417
537,2020-04-15,604.450012,614.0,578.599976,592.349976,589.099976,16213806,-0.000843739537482513
538,2020-04-16,590.0,612.799988,582.0,600.450012,597.1555179999999,12716342,0.013581758207522832
539,2020-04-17,615.0,615.0,595.0,598.0,594.7189940000001,8304173,-0.00408864014107202
540,2020-04-20,598.0,599.400024,580.0,585.400024,582.1881099999999,5856150,-0.021295338695238364
541,2020-04-21,578.0,609.799988,570.0,592.099976,588.851318,14471856,0.011380083748642633
542,2020-04-22,594.900024,599.75,585.0,587.200012,583.978271,6182243,-0.008310001267762601
543,2020-04-23,590.0,603.900024,579.049988,586.700012,583.480957,6277840,-0.0008518613510757334
544,2020-04-24,586.400024,606.0,583.599976,599.299988,596.011841,11127889,0.021248651055581824
545,2020-04-27,600.0,632.650024,600.0,608.700012,605.360291,14089786,0.015563267773244682
546,2020-04-28,616.799988,621.25,593.25,598.599976,595.3156740000001,8193422,-0.01673199988897789
547,2020-04-29,605.0,607.900024,590.099976,596.25,592.978577,6767183,-0.003933513122494681
548,2020-04-30,607.900024,611.450012,586.099976,589.599976,586.365051,9099721,-0.011215742032988807
549,2020-05-04,589.0,616.950012,580.599976,611.849976,608.492981,16815950,0.037042815036813614
550,2020-05-05,623.049988,623.049988,595.0,596.900024,593.6250610000001,9257154,-0.02473747982403296
551,2020-05-06,597.5,606.0,590.0,591.75,588.503235,6978135,-0.008665386988250035
552,2020-05-07,598.0,601.799988,587.5,589.549988,586.315308,4620871,-0.0037247347259183883
553,2020-05-08,598.0,601.200012,589.5,591.900024,588.652466,5051303,0.003978228575893361
554,2020-05-11,600.950012,600.950012,583.450012,586.049988,582.834534,5853892,-0.009932652550947552
555,2020-05-12,587.0,593.799988,566.200012,570.150024,567.02179,8868938,-0.027505563495568097
556,2020-05-13,600.0,605.0,568.900024,570.200012,567.071533,10438589,8.767132626630314e-05
557,2020-05-14,571.0,577.900024,566.099976,569.75,566.623962,8546002,-0.0007895293980251239
558,2020-05-15,572.0,585.0,565.599976,570.299988,567.170959,14388403,0.0009648489951423755
559,2020-05-18,570.599976,605.0,570.5,600.450012,597.1555179999999,22898114,0.051516876970767456
560,2020-05-19,600.0,608.799988,590.200012,594.950012,591.68573,10951060,-0.009202005520778656
561,2020-05-20,597.0,624.349976,595.400024,620.650024,617.244751,13440063,0.04228996606016899
562,2020-05-21,620.650024,626.849976,612.299988,616.599976,613.2169190000001,7916771,-0.006546878102171583
563,2020-05-22,616.700012,641.849976,610.099976,639.349976,635.842102,10874832,0.03623152119013007
564,2020-05-26,640.0,646.900024,624.049988,627.700012,624.256042,8859302,-0.01838963327815346
565,2020-05-27,630.0,637.799988,625.799988,633.049988,629.57666,7710100,0.008487024569515
566,2020-05-28,634.0,637.650024,626.049988,628.349976,624.9024049999999,5488625,-0.0074520911445343785
567,2020-05-29,633.0,650.950012,631.0,648.150024,644.5938110000001,10580203,0.031024890208637856
568,2020-06-01,649.0,652.599976,634.549988,642.5,638.974792,7439123,-0.008755371305142035
569,2020-06-02,644.900024,658.650024,636.0,637.599976,634.101685,6883363,-0.007655726934524765
570,2020-06-03,646.849976,649.5,635.299988,641.200012,637.681946,5044700,0.005630349615456609
571,2020-06-04,643.0,664.799988,642.5,660.549988,656.9257809999999,10452388,0.02973136370737617
572,2020-06-05,665.0,669.75,649.0,650.900024,647.3287349999999,6481383,-0.014716745707318957
573,2020-06-08,656.700012,657.799988,633.049988,635.099976,631.615417,6263334,-0.024573628430760053
574,2020-06-09,638.900024,654.299988,637.049988,640.049988,636.538269,8968365,0.007763850533978989
575,2020-06-10,646.799988,650.75,639.799988,642.950012,639.422363,5425984,0.004520699826835006
576,2020-06-11,645.650024,646.950012,632.799988,635.0,631.515991,3172467,-0.01244198048772649
577,2020-06-12,616.299988,645.0,616.299988,643.599976,640.068787,5579009,0.013452378935292941
578,2020-06-15,643.0,653.5,637.0,643.650024,640.11853,4520180,7.775956500388759e-05
579,2020-06-16,644.5,650.0,632.450012,637.799988,634.300598,2927072,-0.009130401631707308
580,2020-06-17,640.0,643.799988,635.0,640.349976,636.836609,2648039,0.003990128631295775
581,2020-06-18,641.650024,644.799988,636.400024,642.049988,638.527283,2161524,0.0026512991945724096
582,2020-06-19,648.849976,648.849976,631.5,636.200012,632.709412,4476020,-0.009153165410112685
583,2020-06-22,691.0,692.5,651.650024,655.950012,652.351013,29312493,0.030571586644080107
584,2020-06-23,674.0,674.0,655.400024,659.799988,656.179871,8287482,0.005852155786034707
585,2020-06-24,660.0,662.25,628.299988,631.200012,627.736816,6955942,-0.04431395206408073
586,2020-06-25,632.0,642.0,629.150024,634.900024,631.416565,5816404,0.0058447554345608665
587,2020-06-26,639.0,643.650024,631.599976,634.900024,631.416565,3847728,0.0
588,2020-06-29,637.0,648.0,635.400024,644.900024,641.361694,6772032,0.015627759253771245
589,2020-06-30,647.950012,649.900024,638.0,640.25,636.737183,4319880,-0.007236578151768036
590,2020-07-01,642.599976,642.599976,621.049988,627.099976,623.6593019999999,4809651,-0.020752745802068873
591,2020-07-02,630.0,654.450012,626.0,646.200012,642.654541,6169821,0.030003092682933996
592,2020-07-03,652.950012,652.950012,635.5,638.799988,635.295105,5379171,-0.011517674404864842
593,2020-07-06,640.0,644.25,629.200012,634.599976,631.118164,5604802,-0.006596556225639816
594,2020-07-07,637.950012,642.599976,635.200012,636.549988,633.057434,3781547,0.0030681093260369607
595,2020-07-08,643.450012,648.0,632.5,634.400024,630.919312,6952585,-0.003383242504373385
596,2020-07-09,643.950012,643.950012,636.25,639.049988,635.543762,4354183,0.007302971648190493
597,2020-07-10,640.0,647.0,636.700012,638.900024,635.394592,4119561,-0.00023469462698866295
598,2020-07-13,641.0,646.0,636.599976,638.349976,634.847534,3450069,-0.0008613005034314725
599,2020-07-14,639.950012,644.0,631.25,632.299988,628.83075,5432821,-0.009522738583195078
600,2020-07-15,634.400024,643.5,633.099976,638.200012,634.698425,4253913,0.0092877865607921
601,2020-07-16,639.950012,677.400024,635.900024,674.5,670.799255,16098128,0.05531994300078402
602,2020-07-17,674.5,696.650024,669.25,689.099976,685.319092,15244102,0.021414687887315154
603,2020-07-20,689.0,690.849976,672.349976,674.349976,670.650024,5469496,-0.021637135162086985
604,2020-07-21,676.099976,682.099976,660.0,662.299988,658.6661379999999,4314750,-0.0180306210007819
605,2020-07-22,666.150024,677.799988,657.5,661.700012,658.069458,5918154,-0.000906308219136065
606,2020-07-23,663.950012,674.0,662.200012,671.450012,667.765991,4620517,0.014627271745833781
607,2020-07-24,673.0,681.0,658.200012,666.049988,662.395569,4962702,-0.008074846118147683
608,2020-07-27,673.950012,673.950012,650.400024,652.900024,649.317749,4465020,-0.019940709829144865
609,2020-07-28,651.0,665.75,644.25,662.599976,658.964539,4583066,0.014747438693185622
610,2020-07-29,662.599976,685.549988,662.599976,681.25,677.512207,7288781,0.027757892332606282
611,2020-07-30,681.200012,698.950012,681.0,685.950012,682.186462,7170665,0.0068754102887069735
612,2020-07-31,687.0,724.0,687.0,720.150024,716.198792,18897302,0.048654800705287826
613,2020-08-03,724.0,734.200012,701.0,710.400024,706.502319,12500683,-0.013631331509705191
614,2020-08-04,708.0,718.900024,703.200012,713.849976,709.933289,6970907,0.004844597152977137
615,2020-08-05,720.799988,729.950012,716.0,722.150024,718.187805,5263136,0.011560084166547746
616,2020-08-06,724.950012,739.700012,720.099976,731.099976,727.088684,9663886,0.012317309690755174
617,2020-08-07,738.0,739.650024,724.5,728.650024,724.652161,6159632,-0.0033566765546941824
618,2020-08-10,760.0,814.5,751.349976,795.599976,791.234802,56895213,0.08790297689657489
619,2020-08-11,801.099976,801.849976,768.75,778.0,773.7313839999999,14861526,-0.02236999263551276
620,2020-08-12,778.0,778.0,755.599976,762.099976,757.918579,7841540,-0.02064877499825002
621,2020-08-13,765.950012,782.900024,754.099976,760.25,756.0787349999999,13741253,-0.0024304226226670167
622,2020-08-14,762.0,787.75,752.549988,771.799988,767.565369,16276204,0.01507810699797485
623,2020-08-17,779.0,781.0,765.5,771.650024,767.41626,6145819,-0.00019432310642564232
624,2020-08-18,772.0,779.650024,763.0,764.849976,760.653503,5520627,-0.008851405658451661
625,2020-08-19,770.0,772.700012,756.650024,758.349976,754.189148,6296055,-0.008534715940822224
626,2020-08-20,758.349976,771.75,758.349976,762.700012,758.51532,8167570,0.005719796054020954
627,2020-08-21,768.849976,770.599976,759.049988,760.75,756.5759889999999,4700914,-0.0025599961266902227
628,2020-08-24,763.0,767.0,750.25,751.75,747.625427,4942344,-0.011900966908442001
629,2020-08-25,756.25,758.0,745.25,747.75,743.647339,3424047,-0.005335124358580856
630,2020-08-26,751.5,754.0,744.200012,748.0,743.895996,3730702,0.0003342804644201891
631,2020-08-27,750.799988,764.0,749.950012,756.200012,752.050964,6989194,0.010902929351172652
632,2020-08-28,763.0,771.0,746.700012,748.599976,744.492676,8205618,-0.010101143915167476
633,2020-08-31,752.0,755.700012,705.200012,713.549988,709.634949,7649137,-0.047952268681404675
634,2020-09-01,713.549988,741.0,710.0,736.549988,732.508789,6260037,0.03172461123969583
635,2020-09-02,739.950012,748.5,729.200012,738.25,734.199463,5583378,0.002305414655258353
636,2020-09-03,742.700012,745.950012,735.0,738.599976,734.547546,3560610,0.00047394930052213624
637,2020-09-04,733.75,750.0,717.099976,724.599976,720.624329,7473315,-0.01913672458530069
638,2020-09-07,728.0,733.799988,707.0,716.75,712.817444,4688730,-0.01089264057577477
639,2020-09-08,716.75,726.450012,704.400024,708.200012,704.3143309999999,4818121,-0.012000548141309686
640,2020-09-09,709.150024,734.950012,705.200012,727.549988,723.558167,9082694,0.02695615209040625
641,2020-09-10,729.0,735.900024,719.25,726.799988,722.8122559999999,4571167,-0.0010313887012918244
642,2020-09-11,725.799988,731.5,720.25,725.950012,721.96698,2465429,-0.0011701615515233854
643,2020-09-14,729.0,730.25,717.75,721.599976,717.640808,3104686,-0.0060102229707705845
644,2020-09-15,723.0,754.0,722.650024,742.450012,738.376465,14548327,0.02848460901578509
645,2020-09-16,743.950012,756.5,732.0,752.599976,748.4707030000001,6773101,0.013578301765111433
646,2020-09-17,751.0,762.0,746.700012,751.5,747.37677,7105767,-0.0014626370768571206
647,2020-09-18,780.0,819.299988,776.150024,806.25,801.826355,35527335,0.070322658916953
648,2020-09-21,806.25,811.950012,762.0,768.099976,763.885681,12576400,-0.04847396635127765
649,2020-09-22,777.049988,787.950012,755.150024,777.650024,773.383301,14483843,0.012356680594077574
650,2020-09-23,783.950012,784.0,761.799988,767.400024,763.189575,6236391,-0.01326837326549768
651,2020-09-24,764.450012,766.650024,730.0,733.450012,729.425842,7123763,-0.045248763792478996
652,2020-09-25,752.0,777.0,740.400024,770.099976,765.874695,13365087,0.04876090008561462
653,2020-09-28,772.099976,778.0,755.599976,774.799988,770.5488889999999,9290917,0.00608457066455248
654,2020-09-29,777.599976,786.0,759.049988,762.349976,758.167236,6582879,-0.016199179708659805
655,2020-09-30,762.349976,794.900024,761.049988,774.700012,770.449463,14333215,0.016070136791411116
656,2020-10-01,779.799988,781.0,765.75,773.0,768.758789,5852563,-0.0021968245403014564
657,2020-10-05,776.0,784.049988,762.049988,778.650024,774.377808,6798052,0.007282633176502351
658,2020-10-06,782.0,788.0,777.0,780.349976,776.0684809999999,4789613,0.0021808244692067547
659,2020-10-07,780.0,790.650024,771.0,773.599976,769.3554690000001,6086371,-0.008687593117832293
660,2020-10-08,775.0,815.599976,774.900024,811.450012,806.9978639999999,12019967,0.04776787243493352
661,2020-10-09,813.0,825.0,800.349976,803.150024,798.743408,11673228,-0.010281259664119524
662,2020-10-12,805.0,819.75,800.150024,813.650024,809.185791,6612623,0.012988801717222387
663,2020-10-13,810.0,829.049988,778.5,787.150024,782.8311769999999,13964602,-0.033111469652956416
664,2020-10-14,788.799988,794.549988,766.799988,781.5,777.212158,8675720,-0.007203708088847627
665,2020-10-15,780.650024,788.0,762.900024,768.299988,764.084595,6291141,-0.01703488360684169
666,2020-10-16,766.950012,787.5,758.400024,782.349976,778.057495,9099048,0.018121913816568913
667,2020-10-19,783.0,784.099976,762.150024,764.0,759.808167,4351337,-0.023734390904738056
668,2020-10-20,765.0,774.700012,756.299988,764.299988,760.106506,6029701,0.00039257738167641776
669,2020-10-21,771.799988,771.799988,756.5,767.099976,762.891174,6932513,0.003656773130389368
670,2020-10-22,765.0,769.849976,744.0,757.5,753.3438719999999,8429247,-0.012593602295062567
671,2020-10-23,761.25,774.650024,755.0,757.549988,753.393555,8515845,6.598858178197275e-05
672,2020-10-26,761.200012,763.75,742.299988,747.150024,743.050659,4665147,-0.013823525655840108
673,2020-10-27,750.0,773.549988,747.0,770.25,766.023865,7003966,0.030449137167311235
674,2020-10-28,771.400024,780.0,762.150024,765.25,761.051331,7050213,-0.006512559651254968
675,2020-10-29,766.099976,774.650024,757.0,762.299988,758.117493,6084020,-0.003862414573127637
676,2020-10-30,765.700012,767.5,746.0,754.5,750.360291,4126276,-0.010284885044490544
677,2020-11-02,757.5,762.349976,744.400024,751.25,747.128113,3265890,-0.0043167923584865875
678,2020-11-03,756.099976,770.549988,750.75,759.299988,755.133972,5390467,0.010658454565740882
679,2020-11-04,757.799988,783.799988,757.200012,781.150024,776.864136,9035451,0.028370283166686328
680,2020-11-05,786.0,796.099976,778.299988,793.5,789.146301,6656549,0.01568631638461948
681,2020-11-06,797.400024,802.0,786.549988,789.950012,785.615845,7765316,-0.004483872456771287
682,2020-11-09,795.099976,804.0,752.299988,763.200012,759.0125730000001,21178707,-0.034449531652345655
683,2020-11-10,769.799988,769.799988,706.5,717.299988,713.36438,22558440,-0.06202598945436044
684,2020-11-11,727.0,745.5,718.599976,742.349976,738.276978,18892977,0.03432665133325408
685,2020-11-12,742.400024,758.849976,733.5,739.700012,735.641541,10422659,-0.003576082919625634
686,2020-11-13,742.5,751.0,740.150024,744.650024,740.564392,6955531,0.006669626745167356
687,2020-11-14,749.5,749.900024,744.0,745.75,741.658325,631992,0.001476081833075682
688,2020-11-17,747.400024,751.900024,734.0,742.549988,738.475891,7313289,-0.004300231078431693
689,2020-11-18,747.299988,752.0,733.5,742.950012,738.8737179999999,7190828,0.0005385715377572708
690,2020-11-19,742.549988,751.900024,737.950012,742.099976,738.02832,5804230,-0.0011447912187509957
691,2020-11-20,742.0,748.450012,732.25,739.900024,735.840454,5394676,-0.00296889826711233
692,2020-11-23,741.650024,758.049988,739.400024,746.299988,742.2052610000001,8690680,0.008612573689696923
693,2020-11-24,748.299988,752.0,741.599976,748.450012,744.3435059999999,5471533,0.0028767693363622726
694,2020-11-25,750.099976,754.549988,728.200012,731.650024,727.635681,6060158,-0.02270212705337471
695,2020-11-26,734.0,741.0,726.5,738.700012,734.647034,6088729,0.009589610438441198
696,2020-11-27,741.0,749.0,735.0,745.599976,741.509094,12777697,0.00929733040309344
697,2020-12-01,753.0,760.0,746.150024,755.599976,751.4542240000001,6241872,0.01332287268197696
698,2020-12-02,758.0,761.0,751.150024,758.349976,754.189148,3983393,0.0036328849852331757
699,2020-12-03,760.0,764.799988,756.049988,762.150024,757.968384,3765555,0.0049984293479647945
700,2020-12-04,763.0,770.599976,757.0,766.950012,762.742004,5423289,0.006278207642795408
701,2020-12-07,766.950012,782.5,766.0,773.150024,768.90802,6779545,0.008051484122771235
702,2020-12-08,777.0,779.450012,757.799988,766.0,761.797241,4166424,-0.009290940222689947
703,2020-12-09,769.900024,773.900024,759.950012,762.400024,758.21698,4045201,-0.004710785921060889
704,2020-12-10,763.0,767.700012,755.099976,762.75,758.565063,3679209,0.00045893977724897894
705,2020-12-11,764.0,766.099976,753.0,755.849976,751.7028809999999,3178041,-0.009087411554395075
706,2020-12-14,778.299988,793.299988,776.349976,789.299988,784.9693599999999,19785595,0.0433035494686278
707,2020-12-15,789.299988,798.0,779.25,781.650024,777.3613889999999,8249684,-0.00973936078339932
708,2020-12-16,790.349976,790.349976,782.299988,786.799988,782.4830929999999,3817724,0.006566970535638816
709,2020-12-17,790.75,794.849976,781.099976,783.200012,778.902832,3984988,-0.00458596472519357
710,2020-12-18,784.25,796.0,781.5,793.450012,789.096619,6487014,0.013002434594620027
711,2020-12-21,793.0,816.900024,760.0,778.5,774.2286379999999,14465355,-0.01902154985862481
712,2020-12-22,782.0,798.0,761.099976,795.0,790.6381230000001,6139589,0.020973123380279013
713,2020-12-23,796.349976,827.0,792.25,824.650024,820.125427,8520251,0.036616968343084366
714,2020-12-24,828.799988,834.900024,815.299988,833.200012,828.62854,7294578,0.010314640791705187
715,2020-12-28,837.599976,839.0,825.200012,830.150024,825.595276,4810932,-0.0036672875248884296
716,2020-12-29,830.150024,835.75,817.5,827.950012,823.4073490000001,3311293,-0.002653655682110845
717,2020-12-30,830.0,830.0,816.049988,823.799988,819.2800900000001,2715404,-0.005025013146784829
718,2020-12-31,824.0,833.349976,816.400024,819.950012,815.451233,4842886,-0.004684390010844197
719,2021-01-01,822.799988,828.950012,820.650024,826.599976,822.064697,2474916,0.008077495618538322
720,2021-01-04,831.0,837.299988,826.549988,832.25,827.683716,3487801,0.006812003412102641
721,2021-01-05,832.25,843.75,825.299988,827.25,822.711182,4559213,-0.006025929653413087
722,2021-01-06,829.0,834.400024,815.25,824.799988,820.274597,3318460,-0.002966028647952257
723,2021-01-07,830.0,830.450012,818.0,826.549988,822.014954,2879675,0.002119478827074417
724,2021-01-08,830.700012,846.2000119999999,827.400024,838.700012,834.098328,5072916,0.014592691317379725
725,2021-01-11,839.0,860.0,832.75,856.849976,852.148743,5332109,0.02140975779906462
726,2021-01-12,860.0,864.599976,841.0,843.150024,838.523926,4338010,-0.016117939516408164
727,2021-01-13,847.349976,852.0,832.5,841.7000119999999,837.081909,3596529,-0.001721236106488
728,2021-01-14,841.7000119999999,847.5499880000001,829.0,840.900024,836.286316,3652930,-0.0009508950946903738
729,2021-01-15,839.0,844.900024,821.0,823.700012,819.180664,3137877,-0.020666374864087622
730,2021-01-18,822.0,826.650024,796.200012,801.75,797.351074,3742440,-0.02700956194234916
731,2021-01-19,802.5,825.400024,802.5,822.450012,817.9375,3791378,0.025490866535455403
732,2021-01-20,822.5,834.900024,822.299988,832.799988,828.230713,3056546,0.012505797782817574
733,2021-01-21,835.0,839.2999880000001,809.0,812.75,808.29071,3326213,-0.02436994370752288
734,2021-01-22,815.799988,822.5,798.25,808.299988,803.8651120000001,3883231,-0.005490297290188906
735,2021-01-25,813.0,857.0,808.25,836.799988,832.20874,10704200,0.034651817076488456
736,2021-01-27,839.900024,856.4500119999999,825.200012,842.5,837.8775019999999,7410174,0.006788583256202685
737,2021-01-28,835.5,848.849976,825.700012,841.900024,837.280823,4489853,-0.0007123913759503608
738,2021-01-29,847.9500119999999,850.849976,820.75,825.900024,821.368591,7185812,-0.01918754097468689
739,2021-02-01,815.0,831.0,779.950012,806.400024,801.975586,13856367,-0.023893802796870922
740,2021-02-02,807.0,826.349976,801.5,821.599976,817.092102,8486828,0.01867370232404486
741,2021-02-03,826.0,878.900024,824.200012,849.25,844.5904539999999,15674616,0.033099977637640166
742,2021-02-04,847.5499880000001,856.5,832.599976,834.450012,829.871643,4639606,-0.017580767470551706
743,2021-02-05,839.599976,854.900024,830.5,847.7000119999999,843.04895,7381183,0.01575397420016955
744,2021-02-08,852.0,859.25,841.0499880000001,847.25,842.60144,4244906,-0.0005310032831502554
745,2021-02-09,848.0,856.849976,839.0,841.75,837.131592,4200281,-0.006512752445977377
746,2021-02-10,847.599976,867.0,841.0,863.400024,858.662842,5665209,0.025395052877274615
747,2021-02-11,868.0,874.900024,856.0,859.7999880000001,855.082581,5347864,-0.0041783208130112826
748,2021-02-12,859.0,864.349976,845.5,848.5499880000001,843.894287,2473012,-0.01317079378994368
749,2021-02-15,850.099976,856.599976,842.0,844.2999880000001,839.667603,2531913,-0.005021128853006651
750,2021-02-16,850.0,852.25,841.25,848.349976,843.695374,2808115,0.0047853907362407355
751,2021-02-17,849.4500119999999,854.7000119999999,833.0,835.700012,831.114807,2539649,-0.015023546832127366
752,2021-02-18,835.0,843.4500119999999,822.5,825.450012,820.921021,4114251,-0.012341004655207932
753,2021-02-19,823.799988,825.450012,799.0,807.349976,802.920288,3834443,-0.022171457110657045
754,2021-02-22,811.400024,817.5,786.049988,792.450012,788.102112,4090429,-0.018627822179399622
755,2021-02-23,795.0,803.150024,788.400024,790.950012,786.6103519999999,3264477,-0.0018946576051277475
756,2021-02-24,794.0,798.099976,776.25,789.049988,784.7207030000001,1587082,-0.002405094830238319
757,2021-02-25,795.0,814.0,790.450012,809.150024,804.71051,5478169,0.025154668637669353
758,2021-02-26,805.0,820.0,780.0,787.049988,782.731689,7549015,-0.02769258006962616
759,2021-03-01,795.0,800.5,782.0,789.799988,785.4666139999999,2748271,0.0034879701048060596
760,2021-03-02,792.599976,815.0,790.799988,811.799988,807.3458860000001,4275166,0.02747425596400266
761,2021-03-03,817.950012,818.150024,807.599976,812.5,808.042053,3265559,0.0008619245810610465
762,2021-03-04,807.400024,818.0,803.700012,806.75,802.323608,3640996,-0.007102083271821158
763,2021-03-05,806.5,812.0,800.25,805.150024,800.7324219999999,3832170,-0.0019852056599560797
764,2021-03-08,807.950012,819.0,806.200012,809.25,804.809937,2915298,0.005079267534238596
765,2021-03-09,812.599976,816.700012,792.099976,797.0,792.6271360000001,2783825,-0.01525321401613855
766,2021-03-10,806.0,814.75,801.0,812.400024,807.9426269999999,2512573,0.019138180458111442
767,2021-03-12,816.5,818.700012,802.0,805.950012,801.528015,2082799,-0.007971138516125187
768,2021-03-15,807.900024,808.900024,790.0,805.5,801.080505,2651062,-0.0005585181151728236
769,2021-03-16,805.099976,808.5,787.0,792.299988,787.9528809999999,3671229,-0.016523109791610757
770,2021-03-17,794.799988,794.799988,770.0,772.150024,767.913513,3246092,-0.025761230074365038
771,2021-03-18,776.0,778.450012,750.849976,755.150024,751.006775,2894624,-0.022262425956937726
772,2021-03-19,751.0,767.25,738.099976,760.650024,756.4765629999999,5262000,0.007256925666983882
773,2021-03-22,762.0,784.599976,758.700012,772.849976,768.6096190000001,3563266,0.01591158708333662
774,2021-03-23,775.0,779.400024,768.400024,776.099976,771.8417969999999,2118532,0.004196397391806883
775,2021-03-24,777.799988,798.700012,772.650024,792.950012,788.599365,6904173,0.021478836141730184
776,2021-03-25,796.900024,802.299988,783.299988,787.25,782.930603,5292130,-0.007214323096838449
777,2021-03-26,791.0,799.0,781.25,787.450012,783.129517,2934548,0.0002540318785184681
778,2021-03-30,790.25,815.900024,790.25,812.200012,807.743713,4453933,0.030946738167230592
779,2021-03-31,811.0,823.950012,805.0,815.099976,810.627808,3075406,0.0035641456292880846
780,2021-04-01,819.5,824.0,811.599976,818.299988,813.810242,1910949,0.003918227212616365
781,2021-04-05,825.0,827.0,806.099976,819.75,815.252319,2920638,0.001770412855969461
782,2021-04-06,824.0,845.0,821.849976,836.150024,831.5623780000001,4569120,0.019808635805357966
783,2021-04-07,836.150024,844.900024,830.25,840.849976,836.2365110000001,2404472,0.005605204896097504
784,2021-04-08,843.0,850.4500119999999,838.400024,842.0,837.380249,2459821,0.0013667578161138394
785,2021-04-09,840.900024,892.2999880000001,836.650024,883.0499880000001,878.204956,11189432,0.04760179631078909
786,2021-04-12,890.0,940.0,879.150024,902.400024,897.448853,30141861,0.02167609678642357
787,2021-04-13,921.9500119999999,932.599976,878.2999880000001,885.2000119999999,880.343201,11667200,-0.019244285606386136
788,2021-04-15,898.7999880000001,925.400024,883.900024,914.2000119999999,909.184082,13218002,0.0322357572907217
789,2021-04-16,919.75,944.25,910.900024,938.0499880000001,932.9031980000001,13746268,0.025753860673249918
790,2021-04-19,945.25,955.0,924.0,946.2999880000001,941.1079710000001,17805574,0.008756391136094166
791,2021-04-20,965.099976,966.349976,941.099976,949.2999880000001,944.091492,10205616,0.003165227413640892
792,2021-04-22,958.7999880000001,963.150024,938.849976,944.349976,939.16864,8522208,-0.005228023519310732
793,2021-04-23,944.349976,952.849976,922.75,935.599976,930.466675,7972589,-0.009308825669513077
794,2021-04-26,935.599976,940.0,902.150024,905.400024,900.4323730000001,10255697,-0.032811147548557074
795,2021-04-27,913.0,919.5,901.0,912.400024,907.393982,5669049,0.007701655205006652
796,2021-04-28,914.349976,918.0,902.9500119999999,910.2000119999999,905.2060550000001,7251009,-0.0024141479480288552
797,2021-04-29,911.9500119999999,917.400024,904.0,906.5,901.5263060000001,4953091,-0.004073338571551233
798,2021-04-30,900.75,921.0,900.75,910.349976,905.3551640000001,6459737,0.004238084391581687
799,2021-05-03,919.099976,924.400024,906.400024,910.2000119999999,905.2060550000001,6330144,-0.00016474582003045413
800,2021-05-04,912.900024,912.900024,876.0,878.4500119999999,873.630249,8347795,-0.03550536429496898
801,2021-05-05,885.0,899.0,869.0,888.650024,883.774292,10491085,0.01154447974177053
802,2021-05-06,907.0,916.7000119999999,880.900024,884.2999880000001,879.4481199999999,17973153,-0.004907126201624479
803,2021-05-07,893.0,895.5,877.0,882.900024,878.0558470000001,5479029,-0.0015843869209506423
804,2021-05-10,892.5,906.4500119999999,877.5,900.25,895.310608,8379304,0.019460531438301842
805,2021-05-11,899.9500119999999,905.9500119999999,888.2000119999999,890.900024,886.011963,5864464,-0.010440287863336728
806,2021-05-12,889.2999880000001,906.75,884.2999880000001,898.599976,893.669678,5224240,0.008605755262197867
807,2021-05-14,909.0,921.0,900.7999880000001,904.0499880000001,899.089783,15048471,0.006046685395714846
808,2021-05-17,895.0,905.0,870.0,881.2000119999999,876.365173,14122085,-0.02560002677757911
809,2021-05-18,887.0,888.349976,878.4500119999999,884.400024,879.5476070000001,5129966,0.003624847574351442
810,2021-05-19,887.849976,905.9500119999999,881.0,903.9500119999999,898.990356,7242643,0.02186458628276089
811,2021-05-20,906.0,927.900024,905.0,924.2000119999999,919.1292109999999,12378690,0.02215444901727448
812,2021-05-21,930.0,935.0,922.2999880000001,926.900024,921.814453,6740711,0.002917199354178557
813,2021-05-24,931.0,945.5,926.150024,931.25,926.140564,6420035,0.004682058919222243
814,2021-05-25,939.650024,940.0,930.0,935.599976,930.466675,3695242,0.004660239364266516
815,2021-05-26,941.0,951.9500119999999,939.0499880000001,945.150024,939.964294,5445187,0.01015566139093238
816,2021-05-27,946.0,948.75,934.0499880000001,942.349976,937.179626,6249606,-0.002966940454576239
817,2021-05-28,940.2000119999999,947.349976,931.0,934.349976,929.2235109999999,2156991,-0.00852565531243421
818,2021-05-31,934.349976,951.0,924.0,949.349976,944.1412349999999,3183414,0.015926439927010705
819,2021-06-01,952.0,958.0,943.5499880000001,946.4500119999999,941.257141,2904962,-0.0030593588777820813
820,2021-06-02,946.4500119999999,960.5,946.4500119999999,954.7000119999999,949.4619140000001,2449102,0.008679011842194662
821,2021-06-03,955.0,959.7000119999999,946.0,948.25,943.047241,2258695,-0.0067789870043730716
822,2021-06-04,948.0,951.5,936.5,946.400024,941.207458,3057699,-0.0019528425455748177
823,2021-06-07,951.75,951.75,937.5499880000001,939.7999880000001,934.6436160000001,2028426,-0.006998264123391884
824,2021-06-08,939.7999880000001,955.0,931.849976,953.75,948.51709,2278534,0.014734508698625248
825,2021-06-09,954.7999880000001,975.0,950.2000119999999,958.650024,953.390259,5498857,0.005124487200939498
826,2021-06-10,960.9500119999999,975.0,960.0,974.2000119999999,968.854919,4754350,0.01609056389063479
827,2021-06-11,975.0,982.2999880000001,965.5,967.849976,962.539734,3480545,-0.006539541895917544
828,2021-06-14,972.7000119999999,979.0,957.0,976.150024,970.7941890000001,2377279,0.008539195920873155
829,2021-06-15,975.0,978.849976,967.150024,969.7000119999999,964.3795779999999,1289684,-0.006629530029734987
830,2021-06-16,969.0,971.150024,953.7999880000001,956.75,951.5006099999999,1684500,-0.01344463337964985
831,2021-06-17,955.0,959.75,943.5,950.9500119999999,945.732483,2429291,-0.006080626759182195
832,2021-06-18,950.9500119999999,967.650024,945.349976,960.900024,955.6278689999999,4978288,0.010408872713177253
833,2021-06-21,958.0,962.7000119999999,950.5,960.150024,954.8820189999999,1625660,-0.0007808230075907474
834,2021-06-22,956.2000119999999,960.900024,949.150024,955.849976,950.60553,2344400,-0.00448857538573133
835,2021-06-23,956.0,966.0,954.2000119999999,957.75,952.4951169999999,1807471,0.0019858117142739218
836,2021-06-24,957.7999880000001,958.7000119999999,944.0,950.900024,945.6827390000001,1769651,-0.007177853796113354
837,2021-06-25,951.0,961.0,948.9500119999999,957.099976,951.8486939999999,2134441,0.006498924341465262
838,2021-06-28,962.0,971.349976,957.099976,963.0499880000001,957.766052,1759671,0.006197464943708653
839,2021-06-29,964.0,989.0,960.0499880000001,979.599976,974.2252199999999,4300755,0.017038981508397555
840,2021-06-30,992.2000119999999,997.0,969.150024,971.900024,966.5675050000001,7195632,-0.007891357374893104
841,2021-07-01,977.2000119999999,980.0,967.2000119999999,978.099976,972.733459,2291137,0.006358946555755196
842,2021-07-02,981.849976,985.7999880000001,975.099976,979.2000119999999,973.8274539999999,1421148,0.0011240342538849646
843,2021-07-05,979.2999880000001,983.849976,973.099976,974.7000119999999,969.352173,1286458,-0.004606180358319278
844,2021-07-06,975.0,975.0,964.75,969.099976,963.782837,1157576,-0.005761962679386556
845,2021-07-07,968.0,968.9500119999999,961.0,965.2000119999999,959.904297,1740439,-0.0040324347917248815
846,2021-07-08,965.5,968.0,944.7999880000001,950.650024,945.434143,1662518,-0.015189359782054268
847,2021-07-09,952.0,965.599976,949.9500119999999,959.7999880000001,954.533875,1301555,0.009578930520061313
848,2021-07-12,960.0,967.9500119999999,955.849976,959.849976,954.583618,1122802,5.208032813186492e-05
849,2021-07-13,962.2000119999999,969.849976,956.0499880000001,965.650024,960.351807,1317621,0.006024477322661426
850,2021-07-14,961.099976,978.400024,961.099976,977.150024,971.788757,1729994,0.011838721464975777
851,2021-07-15,979.0,981.0,972.0499880000001,973.599976,968.2581789999999,979315,-0.003639679014773023
852,2021-07-16,973.599976,989.900024,973.599976,977.150024,971.788757,2087320,0.003639679014773023
853,2021-07-19,972.099976,983.599976,971.25,974.0,968.656006,854347,-0.0032288923947740855
854,2021-07-20,972.0,974.099976,952.650024,955.150024,949.9094240000001,1520300,-0.01954288230593093
855,2021-07-22,958.099976,958.9500119999999,946.650024,949.900024,944.6882320000001,1783069,-0.005511680174650202
856,2021-07-23,952.0,957.7000119999999,946.9500119999999,948.0,942.798645,1056183,-0.0020022389069325186
857,2021-07-26,948.0,960.0,947.0,950.5499880000001,945.334656,1306026,0.0026862495583444
858,2021-07-27,952.5,958.5,909.0,913.099976,908.090088,3366104,-0.040195374475159085
859,2021-07-28,921.599976,921.599976,886.650024,889.900024,885.017456,5094903,-0.025736253506067897
860,2021-07-29,894.349976,899.9500119999999,872.0,883.099976,878.2547,4929314,-0.007670706534372407
861,2021-07-30,885.099976,929.900024,877.75,920.0499880000001,915.001953,6280365,0.04098958605184766
862,2021-08-02,928.2999880000001,933.599976,913.400024,921.0499880000001,915.9965210000001,2981630,0.0010863072200031354
863,2021-08-03,925.0,929.5499880000001,918.5,928.150024,923.0575560000001,2014511,0.007679072943504117
864,2021-08-04,928.150024,942.5,927.0,939.650024,934.494507,2517694,0.012314107530912999
865,2021-08-05,944.2000119999999,953.0,932.0,945.400024,940.212952,4022548,0.006100652701181097
866,2021-08-06,939.0,939.0,909.0,911.2999880000001,906.2999880000001,9727673,-0.036736005411135864
867,2021-08-09,912.099976,920.0,897.400024,918.650024,918.650024,3310964,0.008033088856956638
868,2021-08-10,920.0,923.7999880000001,905.0,912.599976,912.599976,2552532,-0.006607584996221938
869,2021-08-11,912.900024,914.0,891.0499880000001,909.849976,909.849976,2174054,-0.0030179178135369966
870,2021-08-12,912.0,916.2000119999999,903.7000119999999,905.2999880000001,905.2999880000001,2127392,-0.005013357155156939
871,2021-08-13,906.0,910.9500119999999,892.349976,894.400024,894.400024,2919925,-0.012113237991654202
872,2021-08-16,896.0,901.099976,886.0499880000001,888.25,888.25,1954152,-0.006899894333329826
873,2021-08-17,891.0,906.2999880000001,889.900024,904.650024,904.650024,3767678,0.018294920193565822
874,2021-08-18,900.2000119999999,910.7000119999999,900.0,908.849976,908.849976,2323095,0.00463188255740743
875,2021-08-20,908.900024,909.0499880000001,887.0,890.849976,890.849976,2354874,-0.02000400146269321
876,2021-08-23,898.0,908.0,888.650024,898.349976,898.349976,2081206,0.008383684473519004
877,2021-08-24,903.0,919.5499880000001,897.650024,917.650024,917.650024,2588128,0.02125635979530749
878,2021-08-25,917.0,923.599976,905.9500119999999,912.599976,912.599976,1697757,-0.005518438263428571
879,2021-08-26,912.599976,916.75,906.2999880000001,911.2999880000001,911.2999880000001,1522032,-0.0014255038607347004
880,2021-08-27,913.7999880000001,925.4500119999999,907.5,923.900024,923.900024,1878603,0.013731728319457126
881,2021-08-30,924.0,936.5,920.4500119999999,934.7000119999999,934.7000119999999,2016968,0.011621768373344388
882,2021-08-31,935.0,949.7000119999999,930.2999880000001,947.7999880000001,947.7999880000001,2463088,0.013917861845707868
883,2021-09-01,949.0,954.900024,920.0,922.849976,922.849976,4434153,-0.02667681512568265
884,2021-09-02,927.0,960.0,923.400024,955.25,955.25,3688123,0.03450640458010312
885,2021-09-03,956.099976,963.0,930.650024,941.099976,941.099976,3110583,-0.01492370796434006
886,2021-09-06,945.849976,958.0,942.650024,950.2000119999999,950.2000119999999,1699875,0.009623123019071755
887,2021-09-07,950.2000119999999,957.2999880000001,944.0499880000001,950.5,950.5,1113880,0.00031566054674314614
888,2021-09-08,948.0,953.150024,940.0,951.7999880000001,951.7999880000001,1600457,0.0013667541508350922
889,2021-09-09,951.150024,952.099976,926.0,949.2999880000001,949.2999880000001,3769007,-0.00263005783245962
890,2021-09-13,946.0,953.900024,942.5499880000001,950.4500119999999,950.4500119999999,865538,0.0012107110309012015
891,2021-09-14,954.7999880000001,958.349976,949.599976,953.150024,953.150024,1373821,0.0028367448618915603
892,2021-09-15,955.0,956.599976,948.2999880000001,952.9500119999999,952.9500119999999,2509424,-0.00020986516652499176
893,2021-09-16,954.5,964.7999880000001,950.2000119999999,954.0,954.0,3574908,0.0011012224751594246
894,2021-09-17,960.0,962.5,948.0499880000001,954.0499880000001,954.0499880000001,2006356,5.2396950106725626e-05
895,2021-09-20,953.0,953.0,929.7999880000001,938.099976,938.099976,2308294,-0.016859540850115096
896,2021-09-21,935.0,959.0,933.0,956.099976,956.099976,2438464,0.01900595744114497
897,2021-09-22,952.25,974.25,951.650024,963.5,963.5,2267730,0.007710002864997456
898,2021-09-23,965.4500119999999,970.0,959.5,968.099976,968.099976,1297533,0.004762875080777107
899,2021-09-24,969.599976,983.400024,960.4500119999999,967.650024,967.650024,1803409,-0.00046488648648157493
900,2021-09-27,965.0,970.0499880000001,952.2999880000001,962.7000119999999,962.7000119999999,1217035,-0.005128627199853852
901,2021-09-28,960.5,977.0,950.7999880000001,971.0,971.0,1542732,0.008584619042462549
902,2021-09-29,970.5,1005.0,965.150024,987.599976,987.599976,4052980,0.016951264878362515
903,2021-09-30,988.0,999.75,976.349976,983.5499880000001,983.5499880000001,2312926,-0.004109269992651043
904,2021-10-01,980.0,991.900024,973.099976,986.2000119999999,986.2000119999999,1948517,0.0026907227809065404
905,2021-10-04,986.0,996.9500119999999,954.900024,957.5,957.5,4097873,-0.02953346490314246
906,2021-10-05,961.7999880000001,961.900024,928.4500119999999,934.5499880000001,934.5499880000001,4986700,-0.024260603883018206
907,2021-10-06,935.5499880000001,938.5499880000001,911.150024,913.4500119999999,913.4500119999999,2615582,-0.022836464252195654
908,2021-10-07,920.0,922.25,898.0,916.0499880000001,916.0499880000001,7008049,0.002842282317945255
909,2021-10-08,923.0,929.4500119999999,911.650024,917.099976,917.099976,2075219,0.0011455561579190032
910,2021-10-11,922.7999880000001,923.150024,910.0,913.75,913.75,1449593,-0.0036594803314624613
911,2021-10-12,913.5,924.7000119999999,907.849976,915.9500119999999,915.9500119999999,1164581,0.002404780068631318
912,2021-10-13,921.650024,924.4500119999999,912.0499880000001,913.5,913.5,1821818,-0.002678415314558258
913,2021-10-14,917.4500119999999,920.5,909.900024,911.349976,911.349976,913675,-0.0023563854816783802
914,2021-10-18,911.349976,915.900024,899.5,903.75,903.75,1913667,-0.00837421686340889
915,2021-10-19,906.0,917.2999880000001,903.25,906.2000119999999,906.2000119999999,1360282,0.0027072720021728003
916,2021-10-20,905.0,912.7000119999999,900.0,905.900024,905.900024,1941581,-0.0003310943069152472
917,2021-10-21,914.4500119999999,917.900024,901.599976,911.5499880000001,911.5499880000001,2723509,0.006217482916851758
918,2021-10-22,911.5499880000001,915.0,889.349976,896.349976,896.349976,1360319,-0.016815499159491765
919,2021-10-25,895.900024,913.0,890.0,901.849976,901.849976,1901039,0.006117247578651508
920,2021-10-26,908.900024,914.150024,900.0,907.5,907.5,1405411,0.006245383634762014
921,2021-10-27,916.9500119999999,926.900024,902.4500119999999,922.5,922.5,5111161,0.016393809775676615
922,2021-10-28,922.400024,928.5499880000001,886.2999880000001,891.75,891.75,2224983,-0.03390155167568132
923,2021-10-29,893.0,917.0,885.25,905.0499880000001,905.0499880000001,2783659,0.014804353294625372
924,2021-11-01,917.0,918.5499880000001,902.2000119999999,909.25,909.25,986133,0.004629906333471823
925,2021-11-02,910.0,912.849976,900.5,903.400024,903.400024,1038025,-0.006454634080289345
926,2021-11-03,909.5499880000001,914.7000119999999,903.7000119999999,912.650024,912.650024,1275433,0.01018703201903115
927,2021-11-04,912.650024,914.25,908.849976,910.7000119999999,910.7000119999999,96347,-0.002138934055389896
928,2021-11-08,917.9500119999999,917.9500119999999,898.7000119999999,913.7000119999999,913.7000119999999,860650,0.0032887553875387
929,2021-11-09,913.0,925.0,909.650024,914.150024,914.150024,843911,0.0004923948904220765
930,2021-11-10,910.0,924.5,910.0,912.4500119999999,912.4500119999999,1597922,-0.001861395442181113
931,2021-11-11,912.4500119999999,912.4500119999999,896.0,904.900024,904.900024,1180372,-0.008308835706874795
932,2021-11-12,910.7999880000001,917.0,905.0,915.9500119999999,915.9500119999999,936613,0.012137324253265191
933,2021-11-15,915.0,939.849976,910.099976,938.150024,938.150024,2615304,0.02394808538302584
934,2021-11-16,943.150024,943.900024,919.0,921.75,921.75,1925000,-0.01763583940139224
935,2021-11-17,921.75,921.75,901.0,905.349976,905.349976,1996857,-0.017952454356687575
936,2021-11-18,905.2999880000001,907.0,891.0,892.2999880000001,892.2999880000001,1009418,-0.01451919729985196
937,2021-11-22,893.0,909.0,883.0,895.400024,895.400024,1443344,0.0034681871528139396
938,2021-11-23,891.7000119999999,918.5499880000001,890.0,910.599976,910.599976,1820473,0.016833123933905014
939,2021-11-24,911.0,915.400024,891.349976,893.4500119999999,893.4500119999999,1392190,-0.0190133097886811
940,2021-11-25,894.0,902.4500119999999,884.0,899.9500119999999,899.9500119999999,1325422,0.007248832803810501
941,2021-11-26,892.0,976.0499880000001,890.650024,966.7000119999999,966.7000119999999,14458893,0.07154900232436212
942,2021-11-29,974.0,998.0,956.0,965.0,965.0,8303735,-0.0017601205449384594
943,2021-11-30,965.0,984.0,958.599976,971.2999880000001,971.2999880000001,4771579,0.006507266714722348
944,2021-12-01,980.75,986.7000119999999,921.849976,928.150024,928.150024,3879683,-0.04544198454058712
945,2021-12-02,937.9500119999999,937.9500119999999,917.5,921.25,921.25,2749084,-0.00746194000957523
946,2021-12-03,930.0,930.0,908.2999880000001,912.0499880000001,912.0499880000001,2388529,-0.010036643527795874
947,2021-12-06,915.099976,915.7999880000001,892.5,894.9500119999999,894.9500119999999,1573419,-0.018926935774671527
948,2021-12-07,898.2999880000001,898.2999880000001,884.0,889.25,889.25,2471419,-0.0063894533725141756
949,2021-12-08,895.0,902.0,890.2999880000001,897.9500119999999,897.9500119999999,1663728,0.009735989999954064
950,2021-12-09,900.0,902.0,890.0499880000001,894.5,894.5,1645541,-0.0038494978797443125
951,2021-12-10,895.0,901.0,891.0,893.900024,893.900024,947538,-0.000670964006326713
952,2021-12-13,895.2000119999999,903.0,886.5499880000001,891.2999880000001,891.2999880000001,1785608,-0.00291288126925604
953,2021-12-14,893.5,907.849976,891.0,895.599976,895.599976,2651452,0.0048128002537302095
954,2021-12-15,896.2000119999999,901.849976,891.7000119999999,895.7000119999999,895.7000119999999,1192775,0.00011169095157015363
955,2021-12-16,903.5,903.5,878.25,881.0,881.0,2280037,-0.016547922942312
956,2021-12-17,882.0,884.5,850.0,860.2000119999999,860.2000119999999,2824703,-0.023892691636300256
957,2021-12-20,864.0,898.4500119999999,861.099976,893.7999880000001,893.7999880000001,8501360,0.03831708877364903
958,2021-12-21,893.7999880000001,897.400024,882.0499880000001,886.75,886.75,2301316,-0.007918929419797216
959,2021-12-22,889.0,893.849976,880.9500119999999,889.7000119999999,889.7000119999999,1271710,0.0033212470846821773
960,2021-12-23,892.0,912.5,891.25,909.75,909.75,1970110,0.022285495753855855
961,2021-12-24,910.2000119999999,912.900024,901.7999880000001,908.2999880000001,908.2999880000001,1114033,-0.0015951291955955682
962,2021-12-27,912.900024,933.150024,910.150024,930.25,930.25,4596248,0.023878659930058
963,2021-12-28,932.0,936.2999880000001,923.0499880000001,933.2999880000001,933.2999880000001,1907169,0.0032733124873667307
964,2021-12-29,938.0,947.599976,933.25,935.5499880000001,935.5499880000001,2687014,0.002407899099463151
965,2021-12-30,937.0,955.0,936.099976,952.75,952.75,1729705,0.018217960940408062
966,2021-12-31,955.0,957.25,942.0,944.099976,944.099976,2039044,-0.009120472436535465
967,2022-01-03,947.0499880000001,947.900024,925.7999880000001,930.5,930.5,2013140,-0.014509991235128972
968,2022-01-04,937.4500119999999,937.4500119999999,920.25,924.25,924.25,1238138,-0.006739478265564536
969,2022-01-05,926.5,931.7999880000001,919.0,928.5499880000001,928.5499880000001,1407995,0.004641618898945765
970,2022-01-06,928.5499880000001,935.9500119999999,919.2999880000001,922.0,922.0,1384402,-0.007078993159092661
971,2022-01-07,926.400024,926.650024,913.349976,914.75,914.75,1546099,-0.007894419657278107
972,2022-01-10,914.75,917.849976,908.650024,916.2000119999999,916.2000119999999,1637506,0.0015838906509024753
973,2022-01-11,917.5,921.75,913.0,915.9500119999999,915.9500119999999,1578147,-0.0002729034175983358
974,2022-01-12,918.400024,918.400024,901.2000119999999,906.2000119999999,906.2000119999999,2090537,-0.010701745657472728
975,2022-01-13,912.0,929.150024,908.7000119999999,924.0499880000001,924.0499880000001,2739659,0.019506124270307623
976,2022-01-14,926.0499880000001,933.0,916.2999880000001,921.5,921.5,2321761,-0.002763392635577233
977,2022-01-17,915.599976,920.2000119999999,909.0,910.2000119999999,910.2000119999999,1058857,-0.012338408343421037
978,2022-01-18,910.2000119999999,914.599976,898.4500119999999,902.150024,902.150024,1830577,-0.008883538809034697
979,2022-01-19,900.0499880000001,901.599976,885.099976,895.650024,895.650024,1413292,-0.007231091500129239
980,2022-01-20,895.0,899.900024,880.0499880000001,882.349976,882.349976,1614683,-0.014960962968141978
981,2022-01-21,880.0,880.0,860.0,867.4500119999999,867.4500119999999,1669132,-0.017030888383163578
982,2022-01-24,871.5,895.0,867.4500119999999,892.099976,892.099976,4992078,0.028020319910936564
983,2022-01-25,891.400024,909.0,881.099976,905.650024,905.650024,2322693,0.015074737422304807
984,2022-01-27,901.0,931.5,887.0,927.599976,927.599976,7859401,0.023947635068926054
985,2022-01-28,926.5499880000001,942.0,917.4500119999999,932.25,932.25,2428175,0.005000439550775226
