,Date ,series ,OPEN ,HIGH ,LOW ,PREV. CLOSE ,ltp ,close ,vwap ,52W H ,52W L ,VOLUME ,VALUE ,No of trades ,CLOSE,RETURN_PRICE
0,01-Feb-2021,EQ,995.10,"1,004.95",950.05,"1,006.00",983.70,983.20,972.91,"1,168.05",200.0,235996,"229,603,688.35",15357,983.2,
1,02-Feb-2021,EQ,994.95,"1,014.80",971.05,983.20,979.95,981.65,989.03,"1,168.05",200.0,115269,"114,004,088.85",6559,981.65,-0.0015777289070664224
2,03-Feb-2021,EQ,981.65,"1,009.00",980.00,981.65,999.00,996.70,"1,000.22","1,168.05",200.0,163091,"163,126,670.15",14576,996.7,0.015214992628652446
3,04-Feb-2021,EQ,999.40,"1,060.00",997.00,996.70,"1,051.00","1,052.15","1,035.42","1,168.05",200.0,218749,"226,496,175.45",12447,1052.15,0.05414114671122139
4,05-Feb-2021,EQ,"1,057.45","1,065.00","1,022.45","1,052.15","1,034.00","1,036.85","1,047.36","1,168.05",200.0,152776,"160,011,850.15",8357,1036.85,-0.014648418940782726
5,08-Feb-2021,EQ,"1,057.90","1,057.90","1,020.00","1,036.85","1,023.00","1,024.30","1,037.88","1,168.05",200.0,73341,"76,118,914.05",4956,1024.3,-0.012177818301360332
6,09-Feb-2021,EQ,"1,034.00","1,067.50","1,010.45","1,024.30","1,047.05","1,048.00","1,045.70","1,168.05",200.0,222175,"232,328,215.15",11801,1048.0,0.022874133438498312
7,10-Feb-2021,EQ,"1,040.05","1,047.10","1,016.15","1,048.00","1,028.00","1,028.60","1,029.09","1,168.05",200.0,58331,"60,028,076.40",4031,1028.6,-0.01868493154017159
8,11-Feb-2021,EQ,"1,034.00","1,047.65","1,018.00","1,028.60","1,029.10","1,029.10","1,034.48","1,168.05",200.0,82925,"85,784,479.60",5029,1029.1,0.00048597950122974964
9,12-Feb-2021,EQ,"1,037.70","1,037.70","1,000.00","1,029.10","1,010.00","1,014.35","1,022.05","1,168.05",200.0,62354,"63,729,082.55",4541,1014.35,-0.014436620594707072
10,15-Feb-2021,EQ,"1,024.00","1,024.65",990.00,"1,014.35",994.00,994.55,"1,000.86","1,168.05",200.0,136201,"136,318,751.15",10798,994.55,-0.019712918696268567
11,16-Feb-2021,EQ,"1,018.00","1,118.90",974.70,994.55,"1,055.05","1,051.50","1,060.31","1,168.05",200.0,1891164,"2,005,214,431.20",91036,1051.5,0.0556826215916848
12,17-Feb-2021,EQ,"1,057.80","1,081.85","1,031.60","1,051.50","1,059.90","1,057.65","1,056.35","1,168.05",200.0,566241,"598,147,103.95",24289,1057.65,0.005831749690404564
13,18-Feb-2021,EQ,"1,066.70","1,066.85","1,045.05","1,057.65","1,048.00","1,055.45","1,056.77","1,168.05",200.0,183468,"193,883,436.40",7601,1055.45,-0.0020822495810799424
14,19-Feb-2021,EQ,"1,048.00","1,048.35","1,000.00","1,055.45","1,002.00","1,002.95","1,013.98","1,168.05",200.0,299425,"303,610,171.00",11785,1002.95,-0.05102155898137273
15,22-Feb-2021,EQ,"1,008.90","1,048.00","1,001.00","1,002.95","1,012.05","1,018.20","1,022.10","1,168.05",200.0,196994,"201,347,032.20",9834,1018.2,0.01509070519752953
16,23-Feb-2021,EQ,"1,060.00","1,067.00","1,036.00","1,018.20","1,043.00","1,046.85","1,049.98","1,168.05",200.0,323251,"339,408,546.85",11963,1046.85,0.027749292663034275
17,24-Feb-2021,EQ,"1,055.00","1,058.05","1,003.10","1,046.85","1,046.15","1,050.25","1,042.99","1,168.05",200.0,88273,"92,067,719.35",5327,1050.25,0.003242575918220858
18,25-Feb-2021,EQ,"1,058.00","1,100.00","1,049.35","1,050.25","1,092.00","1,096.35","1,078.05","1,168.05",200.0,384393,"414,394,689.65",17966,1096.35,0.04295824954501892
19,26-Feb-2021,EQ,"1,065.00","1,107.00","1,032.00","1,096.35","1,080.00","1,081.70","1,085.46","1,168.05",200.0,216081,"234,547,307.35",14515,1081.7,-0.013452602958266446
20,01-Mar-2021,EQ,"1,095.00","1,124.00","1,086.00","1,081.70","1,109.90","1,114.80","1,110.44","1,168.05",200.0,253157,"281,115,599.05",13684,1114.8,0.030141138971549353
21,02-Mar-2021,EQ,"1,120.80","1,333.95","1,099.20","1,114.80","1,203.00","1,202.95","1,232.08","1,333.95",200.0,1147870,"1,414,272,343.75",53181,1202.95,0.0761018567433629
22,03-Mar-2021,EQ,"1,260.00","1,342.15","1,220.10","1,202.95","1,236.00","1,228.75","1,254.67","1,342.15",200.0,887786,"1,113,879,018.15",57079,1228.75,0.02122051911022016
23,04-Mar-2021,EQ,"1,221.00","1,259.90","1,220.00","1,228.75","1,236.50","1,242.30","1,234.07","1,342.15",200.0,321744,"397,053,489.40",15142,1242.3,0.010967107758254713
24,05-Mar-2021,EQ,"1,260.00","1,278.30","1,236.80","1,242.30","1,241.70","1,251.00","1,261.58","1,342.15",200.0,443302,"559,260,753.05",19614,1251.0,0.006978731247280656
25,08-Mar-2021,EQ,"1,251.15","1,367.65","1,251.00","1,251.00","1,328.00","1,333.15","1,288.18","1,367.65",200.0,1021817,"1,316,279,498.45",30250,1333.15,0.06360133151301461
26,09-Mar-2021,EQ,"1,343.80","1,350.00","1,264.25","1,333.15","1,303.00","1,300.05","1,312.70","1,367.65",200.0,343713,"451,192,299.95",21612,1300.05,-0.025141837731462502
27,10-Mar-2021,EQ,"1,305.15","1,343.85","1,280.00","1,300.05","1,285.75","1,290.35","1,312.08","1,367.65",200.0,288145,"378,068,527.80",17740,1290.35,-0.007489225863314353
28,12-Mar-2021,EQ,"1,300.00","1,334.00","1,267.35","1,290.35","1,299.00","1,291.75","1,301.01","1,367.65",200.0,182388,"237,289,266.85",13207,1291.75,0.001084388782144785
29,15-Mar-2021,EQ,"1,300.00","1,330.00","1,265.00","1,291.75","1,287.50","1,293.80","1,304.30","1,367.65",200.0,421247,"549,433,993.55",18863,1293.8,0.0015857364425908571
30,16-Mar-2021,EQ,"1,210.00","1,252.90","1,201.25","1,293.80","1,204.00","1,214.80","1,226.02","1,367.65",200.0,9021375,"11,060,353,962.35",145235,1214.8,-0.06300417043829132
31,17-Mar-2021,EQ,"1,177.00","1,189.70","1,135.10","1,214.80","1,137.90","1,141.10","1,166.70","1,367.65",200.0,5909258,"6,894,331,388.20",101879,1141.1,-0.06258674473096004
32,18-Mar-2021,EQ,"1,162.90","1,173.70","1,142.10","1,141.10","1,167.00","1,166.20","1,158.62","1,367.65",200.0,1558538,"1,805,754,977.05",38110,1166.2,0.02175789034742248
33,19-Mar-2021,EQ,"1,153.00","1,180.00","1,134.05","1,166.20","1,175.85","1,175.20","1,164.48","1,367.65",200.0,1233647,"1,436,558,066.60",35375,1175.2,0.007687746071611379
34,22-Mar-2021,EQ,"1,180.00","1,194.70","1,140.35","1,175.20","1,150.20","1,160.65","1,166.41","1,367.65",205.0,1953740,"2,278,864,197.50",24835,1160.65,-0.012458152866211769
35,23-Mar-2021,EQ,"1,149.00","1,151.70","1,107.40","1,160.65","1,110.00","1,113.20","1,125.37","1,367.65",205.0,1038107,"1,168,259,031.70",34052,1113.2,-0.041741442341719726
36,24-Mar-2021,EQ,"1,112.90","1,120.00","1,060.00","1,113.20","1,087.05","1,096.45","1,084.68","1,367.65",205.0,1549828,"1,681,069,187.10",62819,1096.45,-0.015161062468690645
37,25-Mar-2021,EQ,"1,094.95","1,094.95","1,052.00","1,096.45","1,069.00","1,072.35","1,067.19","1,367.65",205.0,927304,"989,606,369.00",32112,1072.35,-0.022225186302074817
38,26-Mar-2021,EQ,"1,087.40","1,133.70","1,073.10","1,072.35","1,118.40","1,117.85","1,110.34","1,367.65",205.0,910196,"1,010,629,085.40",42008,1117.85,0.04155469567529746
39,30-Mar-2021,EQ,"1,133.00","1,137.90","1,081.10","1,117.85","1,086.00","1,091.50","1,102.29","1,367.65",224.75,576969,"635,984,634.15",27743,1091.5,-0.023854300566269693
40,31-Mar-2021,EQ,"1,090.00","1,097.60","1,060.15","1,091.50","1,063.00","1,062.80","1,071.80","1,367.65",224.75,675599,"724,109,255.75",23285,1062.8,-0.02664596210433956
41,01-Apr-2021,EQ,"1,062.80","1,134.90","1,062.80","1,062.80","1,114.00","1,122.90","1,107.68","1,367.65",224.75,1165973,"1,291,523,278.10",39639,1122.9,0.055007689692834205
42,05-Apr-2021,EQ,"1,119.00","1,132.85","1,080.20","1,122.90","1,116.00","1,112.55","1,100.94","1,367.65",230.0,1166565,"1,284,313,295.25",16905,1112.55,-0.00925994672781627
43,06-Apr-2021,EQ,"1,120.00","1,137.00","1,103.00","1,112.55","1,113.00","1,114.05","1,118.25","1,367.65",230.0,290304,"324,632,901.65",12693,1114.05,0.0013473459327384418
44,07-Apr-2021,EQ,"1,115.00","1,124.95","1,108.20","1,114.05","1,112.00","1,116.30","1,115.56","1,367.65",230.0,328028,"365,935,160.70",13393,1116.3,0.0020176212372717828
45,08-Apr-2021,EQ,"1,115.00","1,126.00","1,098.00","1,116.30","1,100.70","1,100.00","1,111.69","1,367.65",230.0,488368,"542,915,857.60",22152,1100.0,-0.014709465234225227
46,09-Apr-2021,EQ,"1,100.00","1,126.25","1,092.00","1,100.00","1,117.00","1,115.45","1,104.25","1,367.65",230.0,526773,"581,687,742.20",14540,1115.45,0.013947731132197383
47,12-Apr-2021,EQ,"1,110.00","1,110.85","1,066.00","1,115.45","1,077.15","1,074.55","1,088.02","1,367.65",290.0,931318,"1,013,294,406.60",40017,1074.55,-0.03735594164744427
48,13-Apr-2021,EQ,"1,092.00","1,144.00","1,090.10","1,074.55","1,098.10","1,100.50","1,110.56","1,367.65",290.0,692385,"768,938,168.40",22964,1100.5,0.023862652695301634
49,15-Apr-2021,EQ,"1,100.30","1,132.50","1,100.30","1,100.50","1,108.00","1,114.35","1,117.79","1,367.65",290.0,761682,"851,396,898.10",22874,1114.35,0.012506653299408477
50,16-Apr-2021,EQ,"1,114.70","1,129.45","1,104.05","1,114.35","1,107.20","1,108.60","1,118.92","1,367.65",290.0,460130,"514,849,129.10",17463,1108.6,-0.005173317280220857
51,19-Apr-2021,EQ,"1,090.00","1,118.00","1,090.00","1,108.60","1,111.00","1,110.20","1,107.45","1,367.65",355.0,478671,"530,103,455.65",10741,1110.2,0.0014422212703566473
52,20-Apr-2021,EQ,"1,124.70","1,150.00","1,099.20","1,110.20","1,135.00","1,128.60","1,122.21","1,367.65",355.0,1485588,"1,667,134,494.15",23293,1128.6,0.016437747278978954
53,22-Apr-2021,EQ,"1,129.50","1,134.90","1,110.60","1,128.60","1,117.00","1,124.75","1,124.39","1,367.65",355.0,466276,"524,273,820.65",13897,1124.75,-0.0034171378137575203
54,23-Apr-2021,EQ,"1,125.00","1,168.00","1,116.00","1,124.75","1,140.00","1,139.40","1,151.59","1,367.65",355.0,768303,"884,766,272.20",25645,1139.4,0.012941019325013237
55,26-Apr-2021,EQ,"1,132.20","1,162.00","1,132.20","1,139.40","1,155.25","1,157.05","1,154.34","1,367.65",363.0,419803,"484,594,399.60",23294,1157.05,0.015371854425385578
56,27-Apr-2021,EQ,"1,152.50","1,189.00","1,151.00","1,157.05","1,155.00","1,155.65","1,171.71","1,367.65",363.0,657070,"769,892,898.35",16822,1155.65,-0.0012107062489823406
57,28-Apr-2021,EQ,"1,161.95","1,164.65","1,135.05","1,155.65","1,150.00","1,149.60","1,148.30","1,367.65",363.0,462117,"530,648,877.20",16249,1149.6,-0.005248900457883288
58,29-Apr-2021,EQ,"1,149.60","1,150.00","1,105.00","1,149.60","1,116.00","1,111.75","1,121.94","1,367.65",363.0,998861,"1,120,662,958.85",26371,1111.75,-0.03347870537400954
59,30-Apr-2021,EQ,"1,110.00","1,124.85","1,081.00","1,111.75","1,101.10","1,100.20","1,099.56","1,367.65",363.0,643639,"707,717,753.05",23506,1100.2,-0.010443368949448306
60,03-May-2021,EQ,"1,100.20","1,116.80","1,091.25","1,100.20","1,104.00","1,104.55","1,103.63","1,367.65",399.95,200856,"221,670,390.85",15831,1104.55,0.003946030746836193
61,04-May-2021,EQ,"1,104.00","1,116.75","1,090.00","1,104.55","1,092.00","1,094.40","1,100.29","1,367.65",399.95,341710,"375,978,461.90",18031,1094.4,-0.009231744319907698
62,05-May-2021,EQ,"1,100.00","1,112.05","1,069.00","1,094.40","1,085.55","1,086.90","1,088.44","1,367.65",399.95,228101,"248,274,459.70",10573,1086.9,-0.006876660299144355
63,06-May-2021,EQ,"1,088.00","1,122.00","1,086.65","1,086.90","1,104.90","1,104.15","1,110.05","1,367.65",399.95,484824,"538,180,831.90",17486,1104.15,0.015746200603683036
64,07-May-2021,EQ,"1,110.00","1,118.00","1,060.05","1,104.15","1,087.90","1,087.45","1,090.89","1,367.65",399.95,396472,"432,506,883.95",20226,1087.45,-0.015240302278455076
65,10-May-2021,EQ,"1,100.00","1,105.00","1,081.00","1,087.45","1,083.00","1,087.20","1,096.46","1,367.65",405.0,266614,"292,330,929.00",9626,1087.2,-0.00022992205743577188
66,11-May-2021,EQ,"1,080.00","1,099.00","1,070.20","1,087.20","1,079.00","1,079.75","1,088.20","1,367.65",405.0,212683,"231,440,666.05",12996,1079.75,-0.006876050996122984
67,12-May-2021,EQ,"1,079.00","1,102.85","1,076.80","1,079.75","1,082.05","1,084.10","1,091.61","1,367.65",405.0,325425,"355,236,244.60",10061,1084.1,0.004020616826434953
68,14-May-2021,EQ,"1,085.30","1,096.75","1,078.55","1,084.10","1,083.50","1,084.15","1,087.42","1,367.65",405.0,234034,"254,494,312.05",7451,1084.15,4.612014298110978e-05
69,17-May-2021,EQ,"1,093.95","1,094.00","1,067.15","1,084.15","1,072.00","1,070.60","1,075.51","1,367.65",440.0,259860,"279,481,942.95",12176,1070.6,-0.01257703085094608
70,18-May-2021,EQ,"1,079.90","1,086.25","1,067.00","1,070.60","1,069.80","1,069.50","1,076.05","1,367.65",440.0,477044,"513,324,923.15",9603,1069.5,-0.0010279894368201425
71,19-May-2021,EQ,"1,066.05","1,094.50","1,055.00","1,069.50","1,059.70","1,058.25","1,071.26","1,367.65",440.0,621040,"665,293,690.55",17598,1058.25,-0.010574649121427804
72,20-May-2021,EQ,"1,069.30","1,084.50","1,051.00","1,058.25","1,080.00","1,081.85","1,076.20","1,367.65",440.0,482044,"518,775,682.60",19119,1081.85,0.02205593823240548
73,21-May-2021,EQ,"1,088.90","1,088.90","1,065.00","1,081.85","1,067.75","1,067.90","1,071.26","1,367.65",440.0,303702,"325,344,510.95",18628,1067.9,-0.012978435455938353
74,24-May-2021,EQ,"1,075.00","1,075.95","1,053.75","1,067.90","1,059.00","1,057.70","1,061.68","1,367.65",446.95,379012,"402,390,718.15",19537,1057.7,-0.009597363843492523
75,25-May-2021,EQ,"1,068.65","1,070.50","1,045.10","1,057.70","1,048.00","1,047.85","1,055.98","1,367.65",446.95,192074,"202,827,213.40",12294,1047.85,-0.009356293468055554
76,26-May-2021,EQ,"1,040.30","1,085.00","1,037.05","1,047.85","1,058.90","1,061.10","1,060.28","1,367.65",446.95,303037,"321,305,129.35",13391,1061.1,0.012565660013592606
77,27-May-2021,EQ,"1,067.00","1,069.70","1,048.00","1,061.10","1,053.95","1,053.65","1,056.64","1,367.65",446.95,425679,"449,791,414.95",19505,1053.65,-0.007045779236322325
78,28-May-2021,EQ,"1,063.00","1,063.00","1,044.00","1,053.65","1,049.00","1,049.10","1,051.73","1,367.65",446.95,210240,"221,115,891.45",8716,1049.1,-0.00432767290578262
79,31-May-2021,EQ,"1,060.00","1,077.80","1,055.05","1,049.10","1,070.20","1,074.00","1,070.40","1,367.65",446.95,359838,"385,171,872.80",15693,1074.0,0.023457342331370867
80,01-Jun-2021,EQ,"1,077.90","1,134.80","1,075.00","1,074.00","1,131.10","1,122.95","1,102.36","1,367.65",446.95,836252,"921,853,139.00",26329,1122.95,0.04456915508092152
81,02-Jun-2021,EQ,"1,145.00","1,154.30","1,120.80","1,122.95","1,129.00","1,136.90","1,136.21","1,367.65",446.95,784675,"891,556,026.60",26634,1136.9,0.012346108985329174
82,03-Jun-2021,EQ,"1,140.00","1,142.90","1,116.70","1,136.90","1,122.00","1,121.70","1,132.34","1,367.65",446.95,278581,"315,448,225.60",9211,1121.7,-0.013459868483883142
83,04-Jun-2021,EQ,"1,125.05","1,151.80","1,125.05","1,121.70","1,138.00","1,141.00","1,137.41","1,367.65",446.95,320588,"364,640,853.65",10249,1141.0,0.017059679210897905
84,07-Jun-2021,EQ,"1,146.00","1,235.00","1,141.05","1,141.00","1,222.50","1,223.70","1,206.75","1,367.65",446.95,1915731,"2,311,802,159.70",60541,1223.7,0.06997398512954689
85,08-Jun-2021,EQ,"1,234.00","1,254.00","1,212.00","1,223.70","1,235.00","1,223.85","1,238.77","1,367.65",446.95,918331,"1,137,598,540.20",29355,1223.85,0.00012257155129624664
86,09-Jun-2021,EQ,"1,233.00","1,268.95","1,200.00","1,223.85","1,242.00","1,230.75","1,237.72","1,367.65",446.95,826303,"1,022,734,149.85",30465,1230.75,0.005622112095391429
87,10-Jun-2021,EQ,"1,260.00","1,278.60","1,240.10","1,230.75","1,260.00","1,258.55","1,259.53","1,367.65",446.95,1180664,"1,487,079,447.35",54593,1258.55,0.02233652498495875
88,11-Jun-2021,EQ,"1,269.50","1,297.80","1,266.80","1,258.55","1,287.00","1,287.00","1,283.17","1,367.65",446.95,768030,"985,512,689.45",37375,1287.0,0.022353663972857873
89,14-Jun-2021,EQ,"1,286.40","1,342.00","1,227.05","1,287.00","1,337.00","1,336.70","1,308.57","1,367.65",471.0,891393,"1,166,453,057.05",32155,1336.7,0.03788996138130063
90,15-Jun-2021,EQ,"1,343.00","1,347.90","1,311.30","1,336.70","1,324.40","1,326.30","1,330.96","1,367.65",471.0,640500,"852,478,066.70",30727,1326.3,-0.007810779477120278
91,16-Jun-2021,EQ,"1,326.30","1,329.90","1,286.60","1,326.30","1,300.00","1,302.20","1,302.50","1,367.65",471.0,520054,"677,369,921.05",18057,1302.2,-0.018337968697546003
92,17-Jun-2021,EQ,"1,287.00","1,304.90","1,261.25","1,302.20","1,272.10","1,271.70","1,287.99","1,367.65",471.0,415619,"535,313,276.35",15515,1271.7,-0.023700553776060396
93,18-Jun-2021,EQ,"1,272.25","1,285.00","1,191.55","1,271.70","1,255.00","1,254.80","1,229.71","1,367.65",471.0,512460,"630,177,518.25",30028,1254.8,-0.013378390710177435
94,21-Jun-2021,EQ,"1,246.00","1,290.00","1,217.00","1,254.80","1,267.00","1,270.25","1,257.08","1,367.65",566.7,412220,"518,192,639.75",18309,1270.25,0.012237534157318208
95,22-Jun-2021,EQ,"1,272.00","1,327.35","1,262.70","1,270.25","1,265.50","1,269.10","1,292.95","1,367.65",566.7,520762,"673,320,503.30",20904,1269.1,-0.0009057436577233346
96,23-Jun-2021,EQ,"1,279.30","1,291.25","1,266.10","1,269.10","1,273.80","1,277.50","1,277.56","1,367.65",566.7,377596,"482,400,277.50",13395,1277.5,0.006597055261741147
97,24-Jun-2021,EQ,"1,273.80","1,285.00","1,255.15","1,277.50","1,283.00","1,282.15","1,274.86","1,367.65",566.7,199599,"254,460,816.75",12180,1282.15,0.0036333132384296363
98,25-Jun-2021,EQ,"1,292.00","1,312.50","1,280.00","1,282.15","1,289.60","1,289.15","1,298.11","1,367.65",566.7,206802,"268,451,550.95",8963,1289.15,0.005444730131029196
99,28-Jun-2021,EQ,"1,309.90","1,313.45","1,280.00","1,289.15","1,288.60","1,290.45","1,298.72","1,367.65",575.15,242918,"315,481,986.55",11024,1290.45,0.0010079082881482293
100,29-Jun-2021,EQ,"1,292.00","1,305.00","1,275.50","1,290.45","1,281.05","1,287.95","1,296.39","1,367.65",575.15,170173,"220,610,616.25",6831,1287.95,-0.0019391877004553137
101,30-Jun-2021,EQ,"1,285.00","1,304.05","1,280.00","1,287.95","1,288.00","1,287.10","1,291.78","1,367.65",575.15,209124,"270,142,315.80",16967,1287.1,-0.0006601813796791589
102,01-Jul-2021,EQ,"1,298.00","1,335.95","1,287.15","1,287.10","1,316.00","1,319.65","1,312.89","1,367.65",575.15,529581,"695,281,089.70",15329,1319.65,0.02497492425105463
103,02-Jul-2021,EQ,"1,331.65","1,332.00","1,310.85","1,319.65","1,326.10","1,329.00","1,325.81","1,367.65",575.15,415271,"550,569,328.00",21035,1329.0,0.007060229806858942
104,05-Jul-2021,EQ,"1,335.00","1,388.00","1,319.80","1,329.00","1,374.00","1,361.20","1,353.90","1,388.00",615.0,733519,"993,114,155.35",27414,1361.2,0.023939883913505433
105,06-Jul-2021,EQ,"1,374.00","1,383.00","1,351.00","1,361.20","1,363.00","1,360.75","1,368.31","1,388.00",615.0,356754,"488,148,672.50",13841,1360.75,-0.0003306453124416464
106,07-Jul-2021,EQ,"1,368.95","1,369.00","1,326.65","1,360.75","1,361.00","1,358.10","1,359.97","1,388.00",615.0,442703,"602,061,768.80",11114,1358.1,-0.0019493542042869905
107,08-Jul-2021,EQ,"1,357.95","1,362.15","1,330.00","1,358.10","1,350.00","1,348.90","1,354.05","1,388.00",615.0,743657,"1,006,947,758.30",11310,1348.9,-0.0067972186343885355
108,09-Jul-2021,EQ,"1,350.00","1,360.00","1,320.10","1,348.90","1,330.05","1,333.10","1,335.67","1,388.00",615.0,248624,"332,079,010.40",11485,1333.1,-0.011782388356002649
109,12-Jul-2021,EQ,"1,336.90","1,363.00","1,335.10","1,333.10","1,352.00","1,353.20","1,353.05","1,388.00",615.0,269247,"364,304,963.95",12349,1353.2,0.014965100786922036
110,13-Jul-2021,EQ,"1,358.95","1,368.00","1,346.00","1,353.20","1,358.65","1,359.80","1,354.95","1,388.00",615.0,200411,"271,546,530.80",8545,1359.8,0.004865472185805686
111,14-Jul-2021,EQ,"1,368.75","1,438.00","1,340.00","1,359.80","1,401.00","1,403.35","1,407.31","1,438.00",615.0,767444,"1,080,032,081.30",32450,1403.35,0.03152460532999424
112,15-Jul-2021,EQ,"1,412.00","1,426.65","1,381.00","1,403.35","1,390.00","1,390.45","1,404.64","1,438.00",615.0,259781,"364,897,542.90",15368,1390.45,-0.009234799683233597
113,16-Jul-2021,EQ,"1,385.00","1,412.75","1,355.10","1,390.45","1,360.00","1,361.15","1,383.93","1,438.00",615.0,267471,"370,160,922.00",12420,1361.15,-0.02129750508204964
114,19-Jul-2021,EQ,"1,360.80","1,399.75","1,355.00","1,361.15","1,385.00","1,385.45","1,380.92","1,438.00",615.0,292128,"403,404,705.40",11440,1385.45,0.017695065939919985
115,20-Jul-2021,EQ,"1,395.00","1,402.00","1,352.00","1,385.45","1,377.90","1,381.05","1,378.87","1,438.00",615.0,198194,"273,283,549.35",15194,1381.05,-0.0031809171950252235
116,22-Jul-2021,EQ,"1,393.00","1,415.00","1,344.00","1,381.05","1,359.70","1,357.50","1,384.30","1,438.00",615.0,374272,"518,103,232.15",19085,1357.5,-0.017199306593874475
117,23-Jul-2021,EQ,"1,374.90","1,396.00","1,355.00","1,357.50","1,366.00","1,373.75","1,369.16","1,438.00",615.0,206470,"282,690,673.85",14732,1373.75,0.011899453909740565
118,26-Jul-2021,EQ,"1,355.00","1,376.05","1,335.85","1,373.75","1,349.50","1,349.55","1,358.10","1,438.00",615.0,287624,"390,621,822.40",14047,1349.55,-0.01777302318659313
119,27-Jul-2021,EQ,"1,357.00","1,387.00","1,324.20","1,349.55","1,351.50","1,348.00","1,351.02","1,438.00",615.0,497463,"672,081,540.90",19769,1348.0,-0.001149191058985366
120,28-Jul-2021,EQ,"1,354.90","1,488.00","1,327.75","1,348.00","1,414.00","1,425.40","1,435.03","1,488.00",615.0,2365261,"3,394,211,154.80",82864,1425.4,0.0558304635955178
121,29-Jul-2021,EQ,"1,433.00","1,467.60","1,410.40","1,425.40","1,426.95","1,426.60","1,430.79","1,488.00",615.0,734063,"1,050,291,870.15",42579,1426.6,0.0008415147761677844
122,30-Jul-2021,EQ,"1,429.00","1,463.50","1,418.80","1,426.60","1,445.00","1,442.35","1,435.39","1,488.00",615.0,326151,"468,152,309.15",16207,1442.35,0.010979736996201694
123,02-Aug-2021,EQ,"1,453.80","1,490.00","1,437.60","1,442.35","1,488.95","1,480.55","1,465.84","1,490.00",755.0,338574,"496,296,051.90",16877,1480.55,0.02613991250543002
124,03-Aug-2021,EQ,"1,494.00","1,522.00","1,447.00","1,480.55","1,518.00","1,513.25","1,498.25","1,522.00",755.0,932152,"1,396,594,123.45",38440,1513.25,0.02184601542622655
125,04-Aug-2021,EQ,"1,520.00","1,520.00","1,476.00","1,513.25","1,496.00","1,502.30","1,496.95","1,522.00",755.0,467265,"699,470,717.20",20492,1502.3,-0.007262388703418665
126,05-Aug-2021,EQ,"1,480.00","1,510.45","1,455.25","1,502.30","1,496.95","1,497.25","1,487.81","1,522.00",755.0,481773,"716,785,686.30",24098,1497.25,-0.0033671749238060045
127,06-Aug-2021,EQ,"1,505.00","1,512.35","1,476.00","1,497.25","1,482.95","1,482.35","1,494.05","1,522.00",755.0,301615,"450,629,140.50",18970,1482.35,-0.01000142583022523
128,09-Aug-2021,EQ,"1,482.00","1,497.00","1,465.00","1,482.35","1,474.00","1,471.30","1,478.81","1,522.00",755.0,107558,"159,057,967.25",8644,1471.3,-0.007482302610444691
129,10-Aug-2021,EQ,"1,480.00","1,482.05","1,390.25","1,471.30","1,405.00","1,403.70","1,431.32","1,522.00",755.0,260024,"372,178,520.35",17853,1403.7,-0.047034756163621516
130,11-Aug-2021,EQ,"1,405.15","1,420.00","1,340.10","1,403.70","1,393.00","1,389.15","1,374.28","1,522.00",755.0,530040,"728,420,739.80",22269,1389.15,-0.010419558255891914
131,12-Aug-2021,EQ,"1,400.90","1,420.05","1,356.65","1,389.15","1,368.00","1,367.75","1,381.98","1,522.00",755.0,387289,"535,225,591.25",23267,1367.75,-0.015524995340452818
132,13-Aug-2021,EQ,"1,368.00","1,439.85","1,368.00","1,367.75","1,415.00","1,426.75","1,391.96","1,522.00",755.0,611327,"850,940,035.95",30039,1426.75,0.04223207647288252
133,16-Aug-2021,EQ,"1,426.90","1,426.90","1,365.50","1,426.75","1,377.40","1,375.40","1,386.33","1,522.00",777.0,242039,"335,545,366.65",15115,1375.4,-0.03665453253108186
134,17-Aug-2021,EQ,"1,377.40","1,424.00","1,377.40","1,375.40","1,395.00","1,398.90","1,404.96","1,522.00",777.0,601386,"844,922,561.80",26294,1398.9,0.016941615596649306
135,18-Aug-2021,EQ,"1,410.30","1,439.00","1,390.10","1,398.90","1,404.80","1,405.95","1,411.33","1,522.00",777.0,290777,"410,380,879.60",19884,1405.95,0.005027017378218979
136,20-Aug-2021,EQ,"1,400.00","1,494.00","1,384.25","1,405.95","1,394.50","1,394.75","1,438.48","1,522.00",777.0,833109,"1,198,408,606.40",52490,1394.75,-0.007998043134966437
137,23-Aug-2021,EQ,"1,404.00","1,428.95","1,365.00","1,394.75","1,380.90","1,393.45","1,388.27","1,522.00",777.0,334081,"463,796,152.70",15439,1393.45,-0.0009325013228620449
138,24-Aug-2021,EQ,"1,393.45","1,415.00","1,371.45","1,393.45","1,408.00","1,408.20","1,388.62","1,522.00",777.0,279691,"388,385,216.35",13227,1408.2,0.010529606682257331
139,25-Aug-2021,EQ,"1,408.20","1,436.00","1,390.00","1,408.20","1,405.00","1,401.40","1,413.21","1,522.00",777.0,229136,"323,817,400.40",13260,1401.4,-0.004840556148599795
140,26-Aug-2021,EQ,"1,407.00","1,419.00","1,387.60","1,401.40","1,387.60","1,392.00","1,397.45","1,522.00",777.0,188373,"263,242,080.60",7396,1392.0,-0.006730175042068076
141,27-Aug-2021,EQ,"1,400.00","1,411.00","1,382.30","1,392.00","1,390.00","1,388.20","1,398.19","1,522.00",777.0,190127,"265,833,059.60",8446,1388.2,-0.002733617988881498
142,30-Aug-2021,EQ,"1,403.10","1,447.00","1,391.05","1,388.20","1,422.00","1,426.85","1,430.22","1,522.00",777.0,387491,"554,198,472.65",22421,1426.85,0.027461273419127963
143,31-Aug-2021,EQ,"1,429.95","1,450.00","1,405.00","1,426.85","1,410.55","1,419.15","1,429.50","1,522.00",777.0,206609,"295,347,606.85",14936,1419.15,-0.005411116506048863
144,01-Sep-2021,EQ,"1,431.90","1,431.90","1,378.45","1,419.15","1,385.75","1,383.50","1,388.04","1,522.00",777.0,399135,"554,015,027.90",23337,1383.5,-0.025441580591582635
145,02-Sep-2021,EQ,"1,394.05","1,410.00","1,370.00","1,383.50","1,375.00","1,375.05","1,378.11","1,522.00",777.0,315652,"435,004,717.55",15287,1375.05,-0.006126426151086051
146,03-Sep-2021,EQ,"1,395.00","1,395.00","1,363.45","1,375.05","1,367.00","1,367.95","1,371.17","1,522.00",777.0,189935,"260,433,059.25",14588,1367.95,-0.0051768252689576855
147,06-Sep-2021,EQ,"1,377.95","1,378.95","1,356.10","1,367.95","1,365.00","1,365.90","1,367.22","1,522.00",777.0,212469,"290,492,357.40",10838,1365.9,-0.0014997167980901338
148,07-Sep-2021,EQ,"1,367.00","1,387.70","1,357.30","1,365.90","1,375.00","1,376.10","1,374.84","1,522.00",777.0,275667,"378,997,881.05",18636,1376.1,0.007439859262389881
149,08-Sep-2021,EQ,"1,386.35","1,394.40","1,365.00","1,376.10","1,370.00","1,370.20","1,377.50","1,522.00",777.0,287976,"396,686,212.05",13031,1370.2,-0.004296696702437153
150,09-Sep-2021,EQ,"1,376.40","1,376.40","1,355.00","1,370.20","1,357.00","1,357.95","1,362.16","1,522.00",777.0,146349,"199,350,839.65",11951,1357.95,-0.008980504979239967
151,13-Sep-2021,EQ,"1,358.00","1,369.00","1,335.00","1,357.95","1,348.00","1,346.80","1,349.14","1,522.00",777.0,375297,"506,329,150.65",23885,1346.8,-0.008244801302639715
152,14-Sep-2021,EQ,"1,357.95","1,379.15","1,350.00","1,346.80","1,360.00","1,359.90","1,361.12","1,522.00",777.0,245969,"334,794,510.10",18036,1359.9,0.009679759327993587
153,15-Sep-2021,EQ,"1,360.00","1,380.95","1,353.00","1,359.90","1,378.00","1,377.35","1,367.14","1,522.00",777.0,256480,"350,643,547.35",21381,1377.35,0.012750195560931488
154,16-Sep-2021,EQ,"1,377.35","1,388.15","1,367.25","1,377.35","1,379.00","1,382.50","1,379.34","1,522.00",777.0,411840,"568,067,825.90",13949,1382.5,0.0037320912206455503
155,17-Sep-2021,EQ,"1,390.00","1,424.80","1,360.10","1,382.50","1,408.00","1,406.85","1,397.18","1,522.00",777.0,403046,"563,126,363.35",24007,1406.85,0.01745970822656684
156,20-Sep-2021,EQ,"1,408.00","1,460.00","1,380.00","1,406.85","1,400.00","1,396.35","1,422.79","1,522.00",777.0,608781,"866,169,203.90",35891,1396.35,-0.007491473392448711
157,21-Sep-2021,EQ,"1,405.00","1,429.00","1,380.45","1,396.35","1,418.00","1,423.15","1,404.52","1,522.00",777.0,169057,"237,443,714.80",10669,1423.15,0.019011035407187293
158,22-Sep-2021,EQ,"1,430.00","1,460.00","1,425.05","1,423.15","1,450.00","1,450.40","1,444.43","1,522.00",777.0,333691,"481,993,714.30",21303,1450.4,0.018966655802845622
159,23-Sep-2021,EQ,"1,455.00","1,480.00","1,449.00","1,450.40","1,453.95","1,462.00","1,463.27","1,522.00",777.0,458922,"671,526,987.00",22195,1462.0,0.0079659808690824
160,24-Sep-2021,EQ,"1,467.40","1,467.40","1,415.05","1,462.00","1,432.05","1,435.35","1,437.74","1,522.00",777.0,139046,"199,911,380.25",10670,1435.35,-0.018396639416342175
161,27-Sep-2021,EQ,"1,450.00","1,450.00","1,420.00","1,435.35","1,425.10","1,425.85","1,430.08","1,522.00",821.0,158067,"226,048,637.15",7322,1425.85,-0.006640594792740373
162,28-Sep-2021,EQ,"1,425.85","1,449.00","1,375.00","1,425.85","1,415.00","1,395.85","1,413.76","1,522.00",821.0,112774,"159,435,650.35",8249,1395.85,-0.02126457840820617
163,29-Sep-2021,EQ,"1,400.10","1,420.05","1,396.15","1,395.85","1,396.50","1,409.80","1,409.00","1,522.00",821.0,189896,"267,564,271.10",9262,1409.8,0.009944301647340836
164,30-Sep-2021,EQ,"1,409.10","1,419.05","1,376.75","1,409.80","1,393.95","1,391.75","1,397.46","1,522.00",821.0,169039,"236,225,607.85",11897,1391.75,-0.01288590227615849
165,01-Oct-2021,EQ,"1,393.80","1,417.00","1,380.00","1,391.75","1,414.00","1,410.65","1,395.27","1,522.00",821.0,156580,"218,471,707.55",12312,1410.65,0.013488642991812405
166,04-Oct-2021,EQ,"1,420.00","1,449.00","1,400.10","1,410.65","1,432.00","1,429.45","1,427.34","1,522.00",828.5,205131,"292,790,831.95",17676,1429.45,0.013239163830440326
167,05-Oct-2021,EQ,"1,444.90","1,469.80","1,438.85","1,429.45","1,455.00","1,451.25","1,455.38","1,522.00",828.5,250426,"364,464,007.80",15451,1451.25,0.0151354991262318
168,06-Oct-2021,EQ,"1,459.90","1,519.00","1,430.00","1,451.25","1,477.80","1,477.45","1,478.75","1,522.00",828.5,355060,"525,046,499.70",26315,1477.45,0.017892374747987105
169,07-Oct-2021,EQ,"1,490.00","1,490.00","1,455.10","1,477.45","1,460.05","1,470.70","1,480.13","1,522.00",828.5,262504,"388,540,147.65",13932,1470.7,-0.004579150853820657
170,08-Oct-2021,EQ,"1,473.65","1,477.35","1,448.05","1,470.70","1,454.95","1,458.15","1,461.23","1,522.00",828.5,127554,"186,385,480.15",9079,1458.15,-0.008569968971080755
171,11-Oct-2021,EQ,"1,450.10","1,460.70","1,420.55","1,458.15","1,433.90","1,433.20","1,441.39","1,522.00",835.0,221580,"319,383,587.00",20301,1433.2,-0.01725880250438827
172,12-Oct-2021,EQ,"1,443.00","1,444.90","1,388.05","1,433.20","1,390.00","1,393.25","1,408.54","1,522.00",835.0,180783,"254,640,447.35",12105,1393.25,-0.028270558981152938
173,13-Oct-2021,EQ,"1,395.00","1,500.00","1,395.00","1,393.25","1,459.80","1,456.00","1,460.39","1,522.00",835.0,565097,"825,260,367.15",34950,1456.0,0.04405380230698519
174,14-Oct-2021,EQ,"1,477.00","1,480.00","1,426.25","1,456.00","1,433.10","1,440.00","1,443.41","1,522.00",835.0,168722,"243,534,728.65",19005,1440.0,-0.011049836186584727
175,18-Oct-2021,EQ,"1,484.00","1,517.25","1,452.50","1,440.00","1,458.00","1,460.25","1,481.62","1,522.00",875.55,652808,"967,212,234.55",57888,1460.25,0.01396454035037209
176,19-Oct-2021,EQ,"1,480.00","1,540.00","1,465.00","1,460.25","1,495.05","1,497.20","1,513.39","1,540.00",875.55,845994,"1,280,318,960.20",46430,1497.2,0.024989043109854947
177,20-Oct-2021,EQ,"1,508.00","1,519.00","1,401.20","1,497.20","1,449.75","1,442.15","1,469.39","1,540.00",875.55,340905,"500,923,168.75",22137,1442.15,-0.03746164140391173
178,21-Oct-2021,EQ,"1,480.00","1,520.00","1,400.00","1,442.15","1,441.00","1,426.65","1,465.99","1,540.00",875.55,1082843,"1,587,434,106.95",64539,1426.65,-0.010806017029858062
179,22-Oct-2021,EQ,"1,448.05","1,457.95","1,372.10","1,426.65","1,403.00","1,388.50","1,401.30","1,540.00",875.55,426017,"596,978,624.80",26359,1388.5,-0.02710501084964978
180,25-Oct-2021,EQ,"1,420.00","1,420.00","1,325.05","1,388.50","1,338.30","1,335.10","1,355.45","1,540.00",875.55,272362,"369,173,587.90",19078,1335.1,-0.039217832350805004
181,26-Oct-2021,EQ,"1,347.95","1,394.00","1,338.35","1,335.10","1,359.00","1,358.35","1,365.36","1,540.00",875.55,159984,"218,436,272.50",9909,1358.35,0.01726453247417936
182,27-Oct-2021,EQ,"1,366.00","1,379.85","1,330.00","1,358.35","1,332.00","1,335.55","1,354.55","1,540.00",875.55,267266,"362,024,977.35",21663,1335.55,-0.016927535859678322
183,28-Oct-2021,EQ,"1,339.95","1,345.55","1,301.10","1,335.55","1,307.80","1,307.15","1,313.58","1,540.00",875.55,210716,"276,792,508.05",17925,1307.15,-0.021493997330352066
184,29-Oct-2021,EQ,"1,307.80","1,332.95","1,293.35","1,307.15","1,309.00","1,307.40","1,312.73","1,540.00",875.55,297187,"390,127,714.45",26085,1307.4,0.00019123749843164006
185,01-Nov-2021,EQ,"1,300.00","1,300.00","1,259.00","1,307.40","1,269.00","1,264.50","1,271.42","1,540.00",888.3,407981,"518,716,292.00",20697,1264.5,-0.03336364506860967
186,02-Nov-2021,EQ,"1,275.35","1,299.00","1,272.00","1,264.50","1,295.00","1,282.85","1,280.30","1,540.00",888.3,259784,"332,601,904.25",18741,1282.85,0.014407378186680475
187,03-Nov-2021,EQ,"1,293.90","1,297.00","1,244.00","1,282.85","1,280.00","1,277.25","1,272.52","1,540.00",888.3,265721,"338,135,443.55",19615,1277.25,-0.004374836085792921
188,04-Nov-2021,EQ,"1,295.00","1,324.00","1,262.40","1,277.25","1,315.00","1,310.30","1,294.80","1,540.00",888.3,79442,"102,861,872.35",5154,1310.3,0.025546789399632175
189,08-Nov-2021,EQ,"1,311.80","1,314.95","1,270.30","1,310.30","1,283.40","1,281.95","1,282.99","1,540.00",888.3,296073,"379,858,653.50",22996,1281.95,-0.021873762450567824
190,09-Nov-2021,EQ,"1,283.65","1,295.90","1,258.35","1,281.95","1,272.00","1,268.40","1,276.90","1,540.00",888.3,241771,"308,717,501.75",17472,1268.4,-0.010626092495779282
191,10-Nov-2021,EQ,"1,270.00","1,271.00","1,234.90","1,268.40","1,238.00","1,240.75","1,253.50","1,540.00",888.3,213932,"268,163,481.30",14034,1240.75,-0.02204022819664253
192,11-Nov-2021,EQ,"1,241.20","1,270.00","1,233.30","1,240.75","1,234.10","1,237.70","1,245.27","1,540.00",888.3,241188,"300,345,090.35",11591,1237.7,-0.002461216921573417
193,12-Nov-2021,EQ,"1,240.50","1,249.85","1,214.15","1,237.70","1,222.00","1,225.75","1,227.45","1,540.00",888.3,450710,"553,223,477.25",14642,1225.75,-0.009701917014633743
194,15-Nov-2021,EQ,"1,234.00","1,238.00","1,211.60","1,225.75","1,213.00","1,216.00","1,226.90","1,540.00",888.3,181319,"222,460,922.00",7990,1216.0,-0.007986118005230303
195,16-Nov-2021,EQ,"1,220.00","1,237.55","1,201.20","1,216.00","1,211.00","1,207.90","1,217.74","1,540.00",888.3,223836,"272,575,086.15",27744,1207.9,-0.006683468914880031
196,17-Nov-2021,EQ,"1,208.00","1,257.70","1,208.00","1,207.90","1,250.00","1,247.10","1,236.87","1,540.00",888.3,255852,"316,456,128.70",11568,1247.1,0.031937541315469
197,18-Nov-2021,EQ,"1,254.65","1,272.30","1,220.00","1,247.10","1,258.30","1,260.25","1,246.92","1,540.00",888.3,389045,"485,107,217.45",17120,1260.25,0.010489258036038507
198,22-Nov-2021,EQ,"1,263.00","1,268.15","1,210.00","1,260.25","1,220.00","1,222.10","1,234.45","1,540.00",888.3,214763,"265,114,459.85",10577,1222.1,-0.030739423518785003
199,23-Nov-2021,EQ,"1,220.00","1,243.95","1,210.00","1,222.10","1,231.50","1,233.45","1,232.16","1,540.00",888.3,284851,"350,980,847.75",12911,1233.45,0.009244430641059509
200,24-Nov-2021,EQ,"1,239.75","1,262.00","1,231.90","1,233.45","1,239.90","1,245.45","1,248.63","1,540.00",888.3,368193,"459,735,596.75",10569,1245.45,0.00968178929113428
201,25-Nov-2021,EQ,"1,245.45","1,299.00","1,237.55","1,245.45","1,298.00","1,293.55","1,263.59","1,540.00",888.3,3071326,"3,880,893,437.50",42171,1293.55,0.037893466315381374
202,26-Nov-2021,EQ,"1,275.00","1,329.00","1,253.25","1,293.55","1,292.00","1,298.20","1,292.63","1,540.00",888.3,938335,"1,212,916,423.55",35142,1298.2,0.0035883129078380094
203,29-Nov-2021,EQ,"1,306.00","1,313.95","1,250.55","1,298.20","1,282.50","1,283.35","1,282.61","1,540.00",888.3,362155,"464,505,017.65",24068,1283.35,-0.011504843056991731
204,30-Nov-2021,EQ,"1,283.35","1,313.85","1,283.35","1,283.35","1,302.00","1,299.25","1,300.67","1,540.00",888.3,459543,"597,711,789.20",21386,1299.25,0.012313328346174934
205,01-Dec-2021,EQ,"1,325.00","1,329.00","1,265.25","1,299.25","1,275.00","1,276.35","1,283.19","1,540.00",888.3,411702,"528,291,308.60",20881,1276.35,-0.017782732924875866
206,02-Dec-2021,EQ,"1,276.00","1,309.00","1,270.00","1,276.35","1,272.80","1,275.80","1,280.94","1,540.00",888.3,610446,"781,945,588.15",16245,1275.8,-0.00043100915582083843
207,03-Dec-2021,EQ,"1,279.00","1,328.00","1,272.00","1,275.80","1,307.00","1,303.25","1,310.12","1,540.00",888.3,440498,"577,106,751.05",24614,1303.25,0.021287711840360934
208,06-Dec-2021,EQ,"1,309.00","1,318.95","1,272.85","1,303.25","1,292.55","1,292.35","1,294.28","1,540.00",888.3,302455,"391,461,359.15",16927,1292.35,-0.008398878159043832
209,07-Dec-2021,EQ,"1,298.65","1,356.80","1,288.55","1,292.35","1,351.40","1,341.35","1,338.45","1,540.00",888.3,917670,"1,228,252,876.30",37651,1341.35,0.037214302992414794
210,08-Dec-2021,EQ,"1,360.00","1,373.05","1,350.00","1,341.35","1,364.40","1,358.45","1,360.53","1,540.00",888.3,466515,"634,706,829.50",27204,1358.45,0.01266777440752076
211,09-Dec-2021,EQ,"1,369.80","1,381.30","1,350.00","1,358.45","1,370.00","1,369.80","1,370.67","1,540.00",888.3,255062,"349,606,654.10",16869,1369.8,0.008320399874697237
212,10-Dec-2021,EQ,"1,370.00","1,394.90","1,350.10","1,369.80","1,393.00","1,391.75","1,385.51","1,540.00",888.3,281714,"390,316,388.40",14933,1391.75,0.01589720429981245
213,13-Dec-2021,EQ,"1,395.00","1,466.70","1,382.90","1,391.75","1,463.00","1,457.05","1,433.40","1,540.00",888.3,558702,"800,845,457.00",28780,1457.05,0.04585189563268077
214,14-Dec-2021,EQ,"1,470.00","1,503.40","1,435.60","1,457.05","1,444.80","1,445.40","1,473.38","1,540.00",888.3,1221855,"1,800,255,175.45",57779,1445.4,-0.00802774384741678
215,15-Dec-2021,EQ,"1,452.00","1,459.95","1,410.00","1,445.40","1,415.00","1,414.50","1,426.48","1,540.00",888.3,791700,"1,129,342,275.55",25145,1414.5,-0.021609988107258893
216,16-Dec-2021,EQ,"1,420.80","1,450.00","1,361.25","1,414.50","1,380.00","1,371.20","1,401.11","1,540.00",888.3,367768,"515,283,761.20",24612,1371.2,-0.031089842898106568
217,17-Dec-2021,EQ,"1,379.55","1,379.55","1,310.00","1,371.20","1,352.45","1,354.20","1,338.79","1,540.00",888.3,395470,"529,451,987.45",18434,1354.2,-0.012475394791970906
218,20-Dec-2021,EQ,"1,333.50","1,344.45","1,282.15","1,354.20","1,310.50","1,310.75","1,304.03","1,540.00",888.3,314808,"410,519,479.95",14882,1310.75,-0.03261138159890287
219,21-Dec-2021,EQ,"1,326.00","1,363.85","1,307.35","1,310.75","1,358.00","1,356.40","1,336.50","1,540.00",888.3,298616,"399,099,331.45",22498,1356.4,0.03423463879884192
220,22-Dec-2021,EQ,"1,367.00","1,398.65","1,342.00","1,356.40","1,395.00","1,394.70","1,379.51","1,540.00",888.3,488220,"673,504,464.80",25904,1394.7,0.02784520711316496
221,23-Dec-2021,EQ,"1,399.00","1,420.00","1,377.75","1,394.70","1,395.00","1,395.60","1,394.53","1,540.00",888.3,308354,"430,010,001.30",14589,1395.6,0.0006450919479705775
222,24-Dec-2021,EQ,"1,401.95","1,424.00","1,370.00","1,395.60","1,375.60","1,375.65","1,389.52","1,540.00",888.3,236195,"328,196,641.15",8380,1375.65,-0.014398083639556525
223,27-Dec-2021,EQ,"1,379.00","1,390.00","1,354.15","1,375.65","1,368.00","1,363.95","1,372.53","1,540.00",950.05,162999,"223,720,932.45",8180,1363.95,-0.008541444833030987
224,28-Dec-2021,EQ,"1,375.40","1,392.00","1,370.25","1,363.95","1,377.95","1,379.65","1,380.02","1,540.00",950.05,297095,"409,996,497.75",9170,1379.65,0.011444941955012666
225,29-Dec-2021,EQ,"1,387.90","1,417.00","1,371.20","1,379.65","1,394.00","1,400.80","1,395.80","1,540.00",950.05,380830,"531,563,142.25",13793,1400.8,0.01521365817659781
226,30-Dec-2021,EQ,"1,400.50","1,415.00","1,371.25","1,400.80","1,400.00","1,397.35","1,400.25","1,540.00",950.05,291883,"408,708,690.95",12187,1397.35,-0.0024659162290898706
227,31-Dec-2021,EQ,"1,407.90","1,499.00","1,405.05","1,397.35","1,464.00","1,464.45","1,465.63","1,540.00",950.05,2793690,"4,094,524,932.05",101085,1464.45,0.04690215959723787
228,03-Jan-2022,EQ,"1,468.00","1,479.00","1,439.15","1,464.45","1,444.00","1,445.30","1,453.81","1,540.00",950.05,403575,"586,720,549.75",19130,1445.3,-0.013162832884994202
229,04-Jan-2022,EQ,"1,449.50","1,464.75","1,401.25","1,445.30","1,418.40","1,421.20","1,428.15","1,540.00",950.05,1225469,"1,750,158,382.35",32796,1421.2,-0.01681532730792412
230,05-Jan-2022,EQ,"1,421.00","1,543.15","1,405.55","1,421.20","1,507.95","1,502.25","1,490.25","1,543.15",950.05,2827021,"4,212,963,514.70",85583,1502.25,0.055462399067165435
231,06-Jan-2022,EQ,"1,500.00","1,533.45","1,471.75","1,502.25","1,480.60","1,481.40","1,496.45","1,543.15",950.05,1631797,"2,441,902,062.45",60253,1481.4,-0.013976397634848148
232,07-Jan-2022,EQ,"1,490.00","1,492.50","1,445.05","1,481.40","1,467.00","1,463.10","1,469.94","1,543.15",950.05,734840,"1,080,174,140.05",27616,1463.1,-0.012430114195073116
233,10-Jan-2022,EQ,"1,475.00","1,502.60","1,465.00","1,463.10","1,481.35","1,485.65","1,483.89","1,543.15",950.05,519905,"771,482,046.85",22063,1485.65,0.015294914523125591
234,11-Jan-2022,EQ,"1,487.80","1,501.30","1,466.00","1,485.65","1,478.45","1,479.30","1,481.92","1,543.15",950.05,1297785,"1,923,213,341.15",31616,1479.3,-0.004283384009051261
235,12-Jan-2022,EQ,"1,484.95","1,587.00","1,473.40","1,479.30","1,555.00","1,557.70","1,546.04","1,587.00",950.05,3723084,"5,756,040,752.35",99219,1557.7,0.05164137143436953
236,13-Jan-2022,EQ,"1,568.35","1,577.05","1,536.55","1,557.70","1,544.90","1,545.50","1,552.93","1,587.00",950.05,984456,"1,528,791,767.65",30343,1545.5,-0.007862891760389346
237,14-Jan-2022,EQ,"1,548.70","1,567.00","1,537.00","1,545.50","1,545.95","1,545.25","1,553.09","1,587.00",950.05,915219,"1,421,419,781.25",32693,1545.25,-0.0001617730327883038
238,17-Jan-2022,EQ,"1,545.65","1,591.95","1,540.00","1,545.25","1,550.25","1,551.60","1,565.77","1,591.95",950.05,1414763,"2,215,194,398.40",47359,1551.6,0.004100947026429935
239,18-Jan-2022,EQ,"1,558.90","1,564.60","1,474.40","1,551.60","1,489.95","1,485.45","1,516.84","1,591.95",950.05,937640,"1,422,250,974.05",32674,1485.45,-0.04356889993039115
240,19-Jan-2022,EQ,"1,480.00","1,540.00","1,410.00","1,485.45","1,516.10","1,523.60","1,501.05","1,591.95",950.05,969255,"1,454,900,153.25",39717,1523.6,0.02535819896902769
241,20-Jan-2022,EQ,"1,482.00","1,507.90","1,438.85","1,523.60","1,447.30","1,449.80","1,465.25","1,591.95",950.05,1714708,"2,512,472,265.00",63362,1449.8,-0.04965033973767152
242,21-Jan-2022,EQ,"1,444.00","1,450.80","1,355.00","1,449.80","1,377.50","1,374.35","1,406.26","1,591.95",950.05,1229939,"1,729,616,027.20",42221,1374.35,-0.053444723809596084
243,24-Jan-2022,EQ,"1,374.35","1,374.35","1,272.20","1,374.35","1,285.20","1,293.35","1,310.61","1,591.95",950.05,1304711,"1,709,961,181.00",55863,1293.35,-0.06074514059306502
244,25-Jan-2022,EQ,"1,279.05","1,310.00","1,235.05","1,293.35","1,290.10","1,292.50","1,286.99","1,591.95",950.05,1392034,"1,791,529,467.65",45042,1292.5,-0.0006574240815320209
245,27-Jan-2022,EQ,"1,295.00","1,297.95","1,251.00","1,292.50","1,283.95","1,278.10","1,274.84","1,591.95",950.05,837894,"1,068,183,161.20",24750,1278.1,-0.011203727244915918
246,28-Jan-2022,EQ,"1,298.45","1,328.95","1,260.00","1,278.10","1,265.00","1,267.35","1,295.82","1,591.95",950.05,848119,"1,099,007,781.95",33379,1267.35,-0.008446493870704508
247,31-Jan-2022,EQ,"1,288.00","1,302.85","1,275.00","1,267.35","1,285.10","1,283.30","1,285.88","1,591.95",950.05,377823,"485,835,123.45",21143,1283.3,0.012506778983451206
